gene_set_name	is_immune_process
REACTOME_2_LTR_CIRCLE_FORMATION	FALSE
REACTOME_A_TETRASACCHARIDE_LINKER_SEQUENCE_IS_REQUIRED_FOR_GAG_SYNTHESIS	FALSE
REACTOME_ABACAVIR_METABOLISM	FALSE
REACTOME_ABACAVIR_TRANSMEMBRANE_TRANSPORT	FALSE
REACTOME_ABACAVIR_TRANSPORT_AND_METABOLISM	FALSE
REACTOME_ABC_FAMILY_PROTEINS_MEDIATED_TRANSPORT	FALSE
REACTOME_ABC_TRANSPORTER_DISORDERS	FALSE
REACTOME_ABC_TRANSPORTERS_IN_LIPID_HOMEOSTASIS	FALSE
REACTOME_ABERRANT_REGULATION_OF_MITOTIC_EXIT_IN_CANCER_DUE_TO_RB1_DEFECTS	FALSE
REACTOME_ABERRANT_REGULATION_OF_MITOTIC_G1_S_TRANSITION_IN_CANCER_DUE_TO_RB1_DEFECTS	FALSE
REACTOME_ABORTIVE_ELONGATION_OF_HIV_1_TRANSCRIPT_IN_THE_ABSENCE_OF_TAT	FALSE
REACTOME_ACETYLCHOLINE_BINDING_AND_DOWNSTREAM_EVENTS	FALSE
REACTOME_ACETYLCHOLINE_INHIBITS_CONTRACTION_OF_OUTER_HAIR_CELLS	FALSE
REACTOME_ACETYLCHOLINE_NEUROTRANSMITTER_RELEASE_CYCLE	FALSE
REACTOME_ACETYLCHOLINE_REGULATES_INSULIN_SECRETION	FALSE
REACTOME_ACROSOME_REACTION_AND_SPERM_OOCYTE_MEMBRANE_BINDING	FALSE
REACTOME_ACTIVATED_NOTCH1_TRANSMITS_SIGNAL_TO_THE_NUCLEUS	FALSE
REACTOME_ACTIVATED_NTRK2_SIGNALS_THROUGH_CDK5	FALSE
REACTOME_ACTIVATED_NTRK2_SIGNALS_THROUGH_FRS2_AND_FRS3	FALSE
REACTOME_ACTIVATED_NTRK2_SIGNALS_THROUGH_FYN	FALSE
REACTOME_ACTIVATED_NTRK2_SIGNALS_THROUGH_PI3K	FALSE
REACTOME_ACTIVATED_NTRK2_SIGNALS_THROUGH_RAS	FALSE
REACTOME_ACTIVATED_NTRK3_SIGNALS_THROUGH_PI3K	FALSE
REACTOME_ACTIVATED_NTRK3_SIGNALS_THROUGH_RAS	FALSE
REACTOME_ACTIVATED_PKN1_STIMULATES_TRANSCRIPTION_OF_AR_ANDROGEN_RECEPTOR_REGULATED_GENES_KLK2_AND_KLK3	FALSE
REACTOME_ACTIVATED_TAK1_MEDIATES_P38_MAPK_ACTIVATION	FALSE
REACTOME_ACTIVATION_OF_AMPK_DOWNSTREAM_OF_NMDARS	FALSE
REACTOME_ACTIVATION_OF_ANTERIOR_HOX_GENES_IN_HINDBRAIN_DEVELOPMENT_DURING_EARLY_EMBRYOGENESIS	FALSE
REACTOME_ACTIVATION_OF_ATR_IN_RESPONSE_TO_REPLICATION_STRESS	FALSE
REACTOME_ACTIVATION_OF_BAD_AND_TRANSLOCATION_TO_MITOCHONDRIA	FALSE
REACTOME_ACTIVATION_OF_BH3_ONLY_PROTEINS	FALSE
REACTOME_ACTIVATION_OF_C3_AND_C5	FALSE
REACTOME_ACTIVATION_OF_CASPASES_THROUGH_APOPTOSOME_MEDIATED_CLEAVAGE	FALSE
REACTOME_ACTIVATION_OF_GENE_EXPRESSION_BY_SREBF_SREBP	FALSE
REACTOME_ACTIVATION_OF_IRF3_IRF7_MEDIATED_BY_TBK1_IKK_EPSILON	FALSE
REACTOME_ACTIVATION_OF_KAINATE_RECEPTORS_UPON_GLUTAMATE_BINDING	FALSE
REACTOME_ACTIVATION_OF_MATRIX_METALLOPROTEINASES	FALSE
REACTOME_ACTIVATION_OF_NIMA_KINASES_NEK9_NEK6_NEK7	FALSE
REACTOME_ACTIVATION_OF_NMDA_RECEPTORS_AND_POSTSYNAPTIC_EVENTS	FALSE
REACTOME_ACTIVATION_OF_NOXA_AND_TRANSLOCATION_TO_MITOCHONDRIA	FALSE
REACTOME_ACTIVATION_OF_PPARGC1A_PGC_1ALPHA_BY_PHOSPHORYLATION	FALSE
REACTOME_ACTIVATION_OF_PUMA_AND_TRANSLOCATION_TO_MITOCHONDRIA	FALSE
REACTOME_ACTIVATION_OF_RAC1	FALSE
REACTOME_ACTIVATION_OF_RAC1_DOWNSTREAM_OF_NMDARS	FALSE
REACTOME_ACTIVATION_OF_RAS_IN_B_CELLS	TRUE
REACTOME_ACTIVATION_OF_SMO	FALSE
REACTOME_ACTIVATION_OF_THE_AP_1_FAMILY_OF_TRANSCRIPTION_FACTORS	FALSE
REACTOME_ACTIVATION_OF_THE_MRNA_UPON_BINDING_OF_THE_CAP_BINDING_COMPLEX_AND_EIFS_AND_SUBSEQUENT_BINDING_TO_43S	FALSE
REACTOME_ACTIVATION_OF_THE_PHOTOTRANSDUCTION_CASCADE	FALSE
REACTOME_ACTIVATION_OF_THE_PRE_REPLICATIVE_COMPLEX	FALSE
REACTOME_ACTIVATION_OF_THE_TFAP2_AP_2_FAMILY_OF_TRANSCRIPTION_FACTORS	FALSE
REACTOME_ACTIVATION_OF_TRKA_RECEPTORS	FALSE
REACTOME_ACYL_CHAIN_REMODELING_OF_CL	FALSE
REACTOME_ACYL_CHAIN_REMODELING_OF_DAG_AND_TAG	FALSE
REACTOME_ACYL_CHAIN_REMODELLING_OF_PC	FALSE
REACTOME_ACYL_CHAIN_REMODELLING_OF_PE	FALSE
REACTOME_ACYL_CHAIN_REMODELLING_OF_PG	FALSE
REACTOME_ACYL_CHAIN_REMODELLING_OF_PI	FALSE
REACTOME_ACYL_CHAIN_REMODELLING_OF_PS	FALSE
REACTOME_ADAPTIVE_IMMUNE_SYSTEM	TRUE
REACTOME_ADENYLATE_CYCLASE_ACTIVATING_PATHWAY	FALSE
REACTOME_ADENYLATE_CYCLASE_INHIBITORY_PATHWAY	FALSE
REACTOME_ADHERENS_JUNCTIONS_INTERACTIONS	FALSE
REACTOME_ADORA2B_MEDIATED_ANTI_INFLAMMATORY_CYTOKINES_PRODUCTION	TRUE
REACTOME_ADP_SIGNALLING_THROUGH_P2Y_PURINOCEPTOR_1	FALSE
REACTOME_ADP_SIGNALLING_THROUGH_P2Y_PURINOCEPTOR_12	FALSE
REACTOME_ADRENALINE_NORADRENALINE_INHIBITS_INSULIN_SECRETION	FALSE
REACTOME_ADRENOCEPTORS	FALSE
REACTOME_ADVANCED_GLYCOSYLATION_ENDPRODUCT_RECEPTOR_SIGNALING	FALSE
REACTOME_AFLATOXIN_ACTIVATION_AND_DETOXIFICATION	FALSE
REACTOME_AGGREPHAGY	FALSE
REACTOME_AKT_PHOSPHORYLATES_TARGETS_IN_THE_CYTOSOL	FALSE
REACTOME_AKT_PHOSPHORYLATES_TARGETS_IN_THE_NUCLEUS	FALSE
REACTOME_ALPHA_DEFENSINS	FALSE
REACTOME_ALPHA_LINOLENIC_OMEGA3_AND_LINOLEIC_OMEGA6_ACID_METABOLISM	FALSE
REACTOME_ALPHA_OXIDATION_OF_PHYTANATE	FALSE
REACTOME_ALPHA_PROTEIN_KINASE_1_SIGNALING_PATHWAY	FALSE
REACTOME_ALTERNATIVE_COMPLEMENT_ACTIVATION	FALSE
REACTOME_AMINE_LIGAND_BINDING_RECEPTORS	FALSE
REACTOME_AMINO_ACID_CONJUGATION	FALSE
REACTOME_AMINO_ACID_TRANSPORT_ACROSS_THE_PLASMA_MEMBRANE	FALSE
REACTOME_AMINO_ACIDS_REGULATE_MTORC1	FALSE
REACTOME_AMPK_INHIBITS_CHREBP_TRANSCRIPTIONAL_ACTIVATION_ACTIVITY	FALSE
REACTOME_AMYLOID_FIBER_FORMATION	FALSE
REACTOME_ANCHORING_FIBRIL_FORMATION	FALSE
REACTOME_ANCHORING_OF_THE_BASAL_BODY_TO_THE_PLASMA_MEMBRANE	FALSE
REACTOME_ANDROGEN_BIOSYNTHESIS	FALSE
REACTOME_ANTI_INFLAMMATORY_RESPONSE_FAVOURING_LEISHMANIA_PARASITE_INFECTION	TRUE
REACTOME_ANTIGEN_ACTIVATES_B_CELL_RECEPTOR_BCR_LEADING_TO_GENERATION_OF_SECOND_MESSENGERS	TRUE
REACTOME_ANTIGEN_PRESENTATION_FOLDING_ASSEMBLY_AND_PEPTIDE_LOADING_OF_CLASS_I_MHC	TRUE
REACTOME_ANTIGEN_PROCESSING_CROSS_PRESENTATION	TRUE
REACTOME_ANTIGEN_PROCESSING_UBIQUITINATION_PROTEASOME_DEGRADATION	TRUE
REACTOME_ANTIMICROBIAL_PEPTIDES	TRUE
REACTOME_ANTIVIRAL_MECHANISM_BY_IFN_STIMULATED_GENES	TRUE
REACTOME_APC_C_CDC20_MEDIATED_DEGRADATION_OF_CYCLIN_B	FALSE
REACTOME_APC_C_CDH1_MEDIATED_DEGRADATION_OF_CDC20_AND_OTHER_APC_C_CDH1_TARGETED_PROTEINS_IN_LATE_MITOSIS_EARLY_G1	FALSE
REACTOME_APC_C_MEDIATED_DEGRADATION_OF_CELL_CYCLE_PROTEINS	FALSE
REACTOME_APC_CDC20_MEDIATED_DEGRADATION_OF_NEK2A	FALSE
REACTOME_APEX1_INDEPENDENT_RESOLUTION_OF_AP_SITES_VIA_THE_SINGLE_NUCLEOTIDE_REPLACEMENT_PATHWAY	FALSE
REACTOME_APOBEC3G_MEDIATED_RESISTANCE_TO_HIV_1_INFECTION	FALSE
REACTOME_APOPTOSIS	FALSE
REACTOME_APOPTOSIS_INDUCED_DNA_FRAGMENTATION	FALSE
REACTOME_APOPTOTIC_CLEAVAGE_OF_CELL_ADHESION_PROTEINS	FALSE
REACTOME_APOPTOTIC_CLEAVAGE_OF_CELLULAR_PROTEINS	FALSE
REACTOME_APOPTOTIC_EXECUTION_PHASE	FALSE
REACTOME_APOPTOTIC_FACTOR_MEDIATED_RESPONSE	FALSE
REACTOME_AQUAPORIN_MEDIATED_TRANSPORT	FALSE
REACTOME_ARACHIDONATE_PRODUCTION_FROM_DAG	FALSE
REACTOME_ARACHIDONIC_ACID_METABOLISM	FALSE
REACTOME_ARMS_MEDIATED_ACTIVATION	FALSE
REACTOME_ARYL_HYDROCARBON_RECEPTOR_SIGNALLING	FALSE
REACTOME_ASPARAGINE_N_LINKED_GLYCOSYLATION	FALSE
REACTOME_ASPARTATE_AND_ASPARAGINE_METABOLISM	FALSE
REACTOME_ASSEMBLY_AND_CELL_SURFACE_PRESENTATION_OF_NMDA_RECEPTORS	FALSE
REACTOME_ASSEMBLY_OF_ACTIVE_LPL_AND_LIPC_LIPASE_COMPLEXES	FALSE
REACTOME_ASSEMBLY_OF_COLLAGEN_FIBRILS_AND_OTHER_MULTIMERIC_STRUCTURES	FALSE
REACTOME_ASSEMBLY_OF_THE_HIV_VIRION	FALSE
REACTOME_ASSEMBLY_OF_THE_ORC_COMPLEX_AT_THE_ORIGIN_OF_REPLICATION	FALSE
REACTOME_ASSEMBLY_OF_THE_PRE_REPLICATIVE_COMPLEX	FALSE
REACTOME_ASSOCIATION_OF_TRIC_CCT_WITH_TARGET_PROTEINS_DURING_BIOSYNTHESIS	FALSE
REACTOME_ASYMMETRIC_LOCALIZATION_OF_PCP_PROTEINS	FALSE
REACTOME_ATF4_ACTIVATES_GENES_IN_RESPONSE_TO_ENDOPLASMIC_RETICULUM_STRESS	FALSE
REACTOME_ATF6_ATF6_ALPHA_ACTIVATES_CHAPERONE_GENES	FALSE
REACTOME_ATF6_ATF6_ALPHA_ACTIVATES_CHAPERONES	FALSE
REACTOME_ATTACHMENT_AND_ENTRY	FALSE
REACTOME_ATTACHMENT_OF_GPI_ANCHOR_TO_UPAR	FALSE
REACTOME_ATTENUATION_PHASE	FALSE
REACTOME_AUF1_HNRNP_D0_BINDS_AND_DESTABILIZES_MRNA	FALSE
REACTOME_AURKA_ACTIVATION_BY_TPX2	FALSE
REACTOME_AUTOPHAGY	FALSE
REACTOME_B_WICH_COMPLEX_POSITIVELY_REGULATES_RRNA_EXPRESSION	FALSE
REACTOME_BASE_EXCISION_REPAIR	FALSE
REACTOME_BASE_EXCISION_REPAIR_AP_SITE_FORMATION	FALSE
REACTOME_BASIGIN_INTERACTIONS	FALSE
REACTOME_BBSOME_MEDIATED_CARGO_TARGETING_TO_CILIUM	FALSE
REACTOME_BETA_CATENIN_INDEPENDENT_WNT_SIGNALING	FALSE
REACTOME_BETA_CATENIN_PHOSPHORYLATION_CASCADE	FALSE
REACTOME_BETA_DEFENSINS	FALSE
REACTOME_BETA_OXIDATION_OF_BUTANOYL_COA_TO_ACETYL_COA	FALSE
REACTOME_BETA_OXIDATION_OF_DECANOYL_COA_TO_OCTANOYL_COA_COA	FALSE
REACTOME_BETA_OXIDATION_OF_HEXANOYL_COA_TO_BUTANOYL_COA	FALSE
REACTOME_BETA_OXIDATION_OF_LAUROYL_COA_TO_DECANOYL_COA_COA	FALSE
REACTOME_BETA_OXIDATION_OF_OCTANOYL_COA_TO_HEXANOYL_COA	FALSE
REACTOME_BETA_OXIDATION_OF_PRISTANOYL_COA	FALSE
REACTOME_BETA_OXIDATION_OF_VERY_LONG_CHAIN_FATTY_ACIDS	FALSE
REACTOME_BH3_ONLY_PROTEINS_ASSOCIATE_WITH_AND_INACTIVATE_ANTI_APOPTOTIC_BCL_2_MEMBERS	FALSE
REACTOME_BICARBONATE_TRANSPORTERS	FALSE
REACTOME_BILE_ACID_AND_BILE_SALT_METABOLISM	FALSE
REACTOME_BINDING_AND_UPTAKE_OF_LIGANDS_BY_SCAVENGER_RECEPTORS	FALSE
REACTOME_BINDING_OF_TCF_LEF_CTNNB1_TO_TARGET_GENE_PROMOTERS	FALSE
REACTOME_BIOLOGICAL_OXIDATIONS	FALSE
REACTOME_BIOSYNTHESIS_OF_EPA_DERIVED_SPMS	FALSE
REACTOME_BIOSYNTHESIS_OF_MARESIN_LIKE_SPMS	FALSE
REACTOME_BIOSYNTHESIS_OF_MARESINS	FALSE
REACTOME_BIOSYNTHESIS_OF_SPECIALIZED_PRORESOLVING_MEDIATORS_SPMS	FALSE
REACTOME_BIOSYNTHESIS_OF_THE_N_GLYCAN_PRECURSOR_DOLICHOL_LIPID_LINKED_OLIGOSACCHARIDE_LLO_AND_TRANSFER_TO_A_NASCENT_PROTEIN	FALSE
REACTOME_BIOTIN_TRANSPORT_AND_METABOLISM	FALSE
REACTOME_BLOOD_GROUP_SYSTEMS_BIOSYNTHESIS	FALSE
REACTOME_BMAL1_CLOCK_NPAS2_ACTIVATES_CIRCADIAN_GENE_EXPRESSION	FALSE
REACTOME_BRANCHED_CHAIN_AMINO_ACID_CATABOLISM	FALSE
REACTOME_BUDDING_AND_MATURATION_OF_HIV_VIRION	FALSE
REACTOME_BUTYRATE_RESPONSE_FACTOR_1_BRF1_BINDS_AND_DESTABILIZES_MRNA	FALSE
REACTOME_BUTYROPHILIN_BTN_FAMILY_INTERACTIONS	FALSE
REACTOME_C_TYPE_LECTIN_RECEPTORS_CLRS	FALSE
REACTOME_CA2_ACTIVATED_K_CHANNELS	FALSE
REACTOME_CA2_PATHWAY	FALSE
REACTOME_CA_DEPENDENT_EVENTS	FALSE
REACTOME_CALCINEURIN_ACTIVATES_NFAT	FALSE
REACTOME_CALCITONIN_LIKE_LIGAND_RECEPTORS	FALSE
REACTOME_CALNEXIN_CALRETICULIN_CYCLE	FALSE
REACTOME_CAMK_IV_MEDIATED_PHOSPHORYLATION_OF_CREB	FALSE
REACTOME_CARBOXYTERMINAL_POST_TRANSLATIONAL_MODIFICATIONS_OF_TUBULIN	FALSE
REACTOME_CARDIAC_CONDUCTION	FALSE
REACTOME_CARGO_CONCENTRATION_IN_THE_ER	FALSE
REACTOME_CARGO_RECOGNITION_FOR_CLATHRIN_MEDIATED_ENDOCYTOSIS	FALSE
REACTOME_CARGO_TRAFFICKING_TO_THE_PERICILIARY_MEMBRANE	FALSE
REACTOME_CARNITINE_METABOLISM	FALSE
REACTOME_CASPASE_ACTIVATION_VIA_DEATH_RECEPTORS_IN_THE_PRESENCE_OF_LIGAND	FALSE
REACTOME_CASPASE_ACTIVATION_VIA_DEPENDENCE_RECEPTORS_IN_THE_ABSENCE_OF_LIGAND	FALSE
REACTOME_CASPASE_ACTIVATION_VIA_EXTRINSIC_APOPTOTIC_SIGNALLING_PATHWAY	FALSE
REACTOME_CASPASE_MEDIATED_CLEAVAGE_OF_CYTOSKELETAL_PROTEINS	FALSE
REACTOME_CATION_COUPLED_CHLORIDE_COTRANSPORTERS	FALSE
REACTOME_CD163_MEDIATING_AN_ANTI_INFLAMMATORY_RESPONSE	TRUE
REACTOME_CD209_DC_SIGN_SIGNALING	FALSE
REACTOME_CD22_MEDIATED_BCR_REGULATION	FALSE
REACTOME_CD28_CO_STIMULATION	FALSE
REACTOME_CD28_DEPENDENT_PI3K_AKT_SIGNALING	FALSE
REACTOME_CD28_DEPENDENT_VAV1_PATHWAY	FALSE
REACTOME_CDC42_GTPASE_CYCLE	FALSE
REACTOME_CDC6_ASSOCIATION_WITH_THE_ORC_ORIGIN_COMPLEX	FALSE
REACTOME_CELL_CELL_COMMUNICATION	FALSE
REACTOME_CELL_CELL_JUNCTION_ORGANIZATION	FALSE
REACTOME_CELL_CYCLE	FALSE
REACTOME_CELL_CYCLE_CHECKPOINTS	FALSE
REACTOME_CELL_CYCLE_MITOTIC	FALSE
REACTOME_CELL_DEATH_SIGNALLING_VIA_NRAGE_NRIF_AND_NADE	FALSE
REACTOME_CELL_EXTRACELLULAR_MATRIX_INTERACTIONS	FALSE
REACTOME_CELL_JUNCTION_ORGANIZATION	FALSE
REACTOME_CELL_SURFACE_INTERACTIONS_AT_THE_VASCULAR_WALL	FALSE
REACTOME_CELLULAR_HEXOSE_TRANSPORT	FALSE
REACTOME_CELLULAR_RESPONSE_TO_CHEMICAL_STRESS	FALSE
REACTOME_CELLULAR_RESPONSE_TO_HEAT_STRESS	FALSE
REACTOME_CELLULAR_RESPONSE_TO_HYPOXIA	FALSE
REACTOME_CELLULAR_RESPONSE_TO_STARVATION	FALSE
REACTOME_CELLULAR_RESPONSES_TO_EXTERNAL_STIMULI	FALSE
REACTOME_CELLULAR_SENESCENCE	FALSE
REACTOME_CGMP_EFFECTS	FALSE
REACTOME_CHAPERONE_MEDIATED_AUTOPHAGY	FALSE
REACTOME_CHEMOKINE_RECEPTORS_BIND_CHEMOKINES	FALSE
REACTOME_CHK1_CHK2_CDS1_MEDIATED_INACTIVATION_OF_CYCLIN_B_CDK1_COMPLEX	FALSE
REACTOME_CHL1_INTERACTIONS	FALSE
REACTOME_CHOLESTEROL_BIOSYNTHESIS	FALSE
REACTOME_CHOLINE_CATABOLISM	FALSE
REACTOME_CHONDROITIN_SULFATE_BIOSYNTHESIS	FALSE
REACTOME_CHONDROITIN_SULFATE_DERMATAN_SULFATE_METABOLISM	FALSE
REACTOME_CHREBP_ACTIVATES_METABOLIC_GENE_EXPRESSION	FALSE
REACTOME_CHROMATIN_MODIFYING_ENZYMES	FALSE
REACTOME_CHROMOSOME_MAINTENANCE	FALSE
REACTOME_CHYLOMICRON_ASSEMBLY	FALSE
REACTOME_CHYLOMICRON_CLEARANCE	FALSE
REACTOME_CHYLOMICRON_REMODELING	FALSE
REACTOME_CILIUM_ASSEMBLY	FALSE
REACTOME_CIRCADIAN_CLOCK	FALSE
REACTOME_CITRIC_ACID_CYCLE_TCA_CYCLE	FALSE
REACTOME_CLASS_A_1_RHODOPSIN_LIKE_RECEPTORS	FALSE
REACTOME_CLASS_B_2_SECRETIN_FAMILY_RECEPTORS	FALSE
REACTOME_CLASS_C_3_METABOTROPIC_GLUTAMATE_PHEROMONE_RECEPTORS	FALSE
REACTOME_CLASS_I_MHC_MEDIATED_ANTIGEN_PROCESSING_PRESENTATION	TRUE
REACTOME_CLASS_I_PEROXISOMAL_MEMBRANE_PROTEIN_IMPORT	FALSE
REACTOME_CLATHRIN_MEDIATED_ENDOCYTOSIS	FALSE
REACTOME_CLEC7A_DECTIN_1_INDUCES_NFAT_ACTIVATION	FALSE
REACTOME_CLEC7A_DECTIN_1_SIGNALING	FALSE
REACTOME_CLEC7A_INFLAMMASOME_PATHWAY	TRUE
REACTOME_COBALAMIN_CBL_VITAMIN_B12_TRANSPORT_AND_METABOLISM	FALSE
REACTOME_COENZYME_A_BIOSYNTHESIS	FALSE
REACTOME_COHESIN_LOADING_ONTO_CHROMATIN	FALSE
REACTOME_COLLAGEN_BIOSYNTHESIS_AND_MODIFYING_ENZYMES	FALSE
REACTOME_COLLAGEN_CHAIN_TRIMERIZATION	FALSE
REACTOME_COLLAGEN_DEGRADATION	FALSE
REACTOME_COLLAGEN_FORMATION	FALSE
REACTOME_COMMON_PATHWAY_OF_FIBRIN_CLOT_FORMATION	FALSE
REACTOME_COMPETING_ENDOGENOUS_RNAS_CERNAS_REGULATE_PTEN_TRANSLATION	FALSE
REACTOME_COMPLEMENT_CASCADE	FALSE
REACTOME_COMPLEX_I_BIOGENESIS	FALSE
REACTOME_CONDENSATION_OF_PROMETAPHASE_CHROMOSOMES	FALSE
REACTOME_CONDENSATION_OF_PROPHASE_CHROMOSOMES	FALSE
REACTOME_CONJUGATION_OF_BENZOATE_WITH_GLYCINE	FALSE
REACTOME_CONSTITUTIVE_SIGNALING_BY_ABERRANT_PI3K_IN_CANCER	FALSE
REACTOME_CONSTITUTIVE_SIGNALING_BY_AKT1_E17K_IN_CANCER	FALSE
REACTOME_CONSTITUTIVE_SIGNALING_BY_EGFRVIII	FALSE
REACTOME_CONSTITUTIVE_SIGNALING_BY_LIGAND_RESPONSIVE_EGFR_CANCER_VARIANTS	FALSE
REACTOME_CONSTITUTIVE_SIGNALING_BY_OVEREXPRESSED_ERBB2	FALSE
REACTOME_CONVERSION_FROM_APC_C_CDC20_TO_APC_C_CDH1_IN_LATE_ANAPHASE	FALSE
REACTOME_COOPERATION_OF_PDCL_PHLP1_AND_TRIC_CCT_IN_G_PROTEIN_BETA_FOLDING	FALSE
REACTOME_COOPERATION_OF_PREFOLDIN_AND_TRIC_CCT_IN_ACTIN_AND_TUBULIN_FOLDING	FALSE
REACTOME_COPI_DEPENDENT_GOLGI_TO_ER_RETROGRADE_TRAFFIC	FALSE
REACTOME_COPI_INDEPENDENT_GOLGI_TO_ER_RETROGRADE_TRAFFIC	FALSE
REACTOME_COPI_MEDIATED_ANTEROGRADE_TRANSPORT	FALSE
REACTOME_COPII_MEDIATED_VESICLE_TRANSPORT	FALSE
REACTOME_COSTIMULATION_BY_THE_CD28_FAMILY	FALSE
REACTOME_CREATINE_METABOLISM	FALSE
REACTOME_CREATION_OF_C4_AND_C2_ACTIVATORS	FALSE
REACTOME_CREB1_PHOSPHORYLATION_THROUGH_NMDA_RECEPTOR_MEDIATED_ACTIVATION_OF_RAS_SIGNALING	FALSE
REACTOME_CREB1_PHOSPHORYLATION_THROUGH_THE_ACTIVATION_OF_ADENYLATE_CYCLASE	FALSE
REACTOME_CREB1_PHOSPHORYLATION_THROUGH_THE_ACTIVATION_OF_CAMKII_CAMKK_CAMKIV_CASCASDE	FALSE
REACTOME_CREB3_FACTORS_ACTIVATE_GENES	FALSE
REACTOME_CREB_PHOSPHORYLATION	FALSE
REACTOME_CRISTAE_FORMATION	FALSE
REACTOME_CRMPS_IN_SEMA3A_SIGNALING	FALSE
REACTOME_CROSS_PRESENTATION_OF_PARTICULATE_EXOGENOUS_ANTIGENS_PHAGOSOMES	TRUE
REACTOME_CROSS_PRESENTATION_OF_SOLUBLE_EXOGENOUS_ANTIGENS_ENDOSOMES	TRUE
REACTOME_CROSSLINKING_OF_COLLAGEN_FIBRILS	FALSE
REACTOME_CS_DS_DEGRADATION	FALSE
REACTOME_CTLA4_INHIBITORY_SIGNALING	FALSE
REACTOME_CYCLIN_A_B1_B2_ASSOCIATED_EVENTS_DURING_G2_M_TRANSITION	FALSE
REACTOME_CYCLIN_A_CDK2_ASSOCIATED_EVENTS_AT_S_PHASE_ENTRY	FALSE
REACTOME_CYCLIN_D_ASSOCIATED_EVENTS_IN_G1	FALSE
REACTOME_CYP2E1_REACTIONS	FALSE
REACTOME_CYTOCHROME_C_MEDIATED_APOPTOTIC_RESPONSE	FALSE
REACTOME_CYTOCHROME_P450_ARRANGED_BY_SUBSTRATE_TYPE	FALSE
REACTOME_CYTOKINE_SIGNALING_IN_IMMUNE_SYSTEM	TRUE
REACTOME_CYTOPROTECTION_BY_HMOX1	FALSE
REACTOME_CYTOSOLIC_IRON_SULFUR_CLUSTER_ASSEMBLY	FALSE
REACTOME_CYTOSOLIC_SENSORS_OF_PATHOGEN_ASSOCIATED_DNA	FALSE
REACTOME_CYTOSOLIC_SULFONATION_OF_SMALL_MOLECULES	FALSE
REACTOME_CYTOSOLIC_TRNA_AMINOACYLATION	FALSE
REACTOME_DAG_AND_IP3_SIGNALING	FALSE
REACTOME_DAP12_INTERACTIONS	FALSE
REACTOME_DAP12_SIGNALING	FALSE
REACTOME_DARPP_32_EVENTS	FALSE
REACTOME_DCC_MEDIATED_ATTRACTIVE_SIGNALING	FALSE
REACTOME_DDX58_IFIH1_MEDIATED_INDUCTION_OF_INTERFERON_ALPHA_BETA	TRUE
REACTOME_DEACTIVATION_OF_THE_BETA_CATENIN_TRANSACTIVATING_COMPLEX	FALSE
REACTOME_DEADENYLATION_DEPENDENT_MRNA_DECAY	FALSE
REACTOME_DEADENYLATION_OF_MRNA	FALSE
REACTOME_DEATH_RECEPTOR_SIGNALLING	FALSE
REACTOME_DECTIN_1_MEDIATED_NONCANONICAL_NF_KB_SIGNALING	FALSE
REACTOME_DECTIN_2_FAMILY	FALSE
REACTOME_DEFECTIVE_B4GALT1_CAUSES_B4GALT1_CDG_CDG_2D	FALSE
REACTOME_DEFECTIVE_B4GALT7_CAUSES_EDS_PROGEROID_TYPE	FALSE
REACTOME_DEFECTIVE_C1GALT1C1_CAUSES_TN_POLYAGGLUTINATION_SYNDROME_TNPS	FALSE
REACTOME_DEFECTIVE_CFTR_CAUSES_CYSTIC_FIBROSIS	FALSE
REACTOME_DEFECTIVE_CHST14_CAUSES_EDS_MUSCULOCONTRACTURAL_TYPE	FALSE
REACTOME_DEFECTIVE_CHST3_CAUSES_SEDCJD	FALSE
REACTOME_DEFECTIVE_CHST6_CAUSES_MCDC1	FALSE
REACTOME_DEFECTIVE_CHSY1_CAUSES_TPBS	FALSE
REACTOME_DEFECTIVE_CSF2RB_CAUSES_SMDP5	FALSE
REACTOME_DEFECTIVE_EXT2_CAUSES_EXOSTOSES_2	FALSE
REACTOME_DEFECTIVE_F9_ACTIVATION	FALSE
REACTOME_DEFECTIVE_FACTOR_IX_CAUSES_HEMOPHILIA_B	FALSE
REACTOME_DEFECTIVE_FACTOR_VIII_CAUSES_HEMOPHILIA_A	FALSE
REACTOME_DEFECTIVE_GALNT3_CAUSES_FAMILIAL_HYPERPHOSPHATEMIC_TUMORAL_CALCINOSIS_HFTC	FALSE
REACTOME_DEFECTIVE_LFNG_CAUSES_SCDO3	FALSE
REACTOME_DEFECTIVE_RIPK1_MEDIATED_REGULATED_NECROSIS	FALSE
REACTOME_DEFECTIVE_ST3GAL3_CAUSES_MCT12_AND_EIEE15	FALSE
REACTOME_DEFECTS_IN_BIOTIN_BTN_METABOLISM	FALSE
REACTOME_DEFECTS_IN_COBALAMIN_B12_METABOLISM	FALSE
REACTOME_DEFECTS_IN_VITAMIN_AND_COFACTOR_METABOLISM	FALSE
REACTOME_DEFECTS_OF_CONTACT_ACTIVATION_SYSTEM_CAS_AND_KALLIKREIN_KININ_SYSTEM_KKS	FALSE
REACTOME_DEFENSINS	FALSE
REACTOME_DEGRADATION_OF_AXIN	FALSE
REACTOME_DEGRADATION_OF_BETA_CATENIN_BY_THE_DESTRUCTION_COMPLEX	FALSE
REACTOME_DEGRADATION_OF_CYSTEINE_AND_HOMOCYSTEINE	FALSE
REACTOME_DEGRADATION_OF_DVL	FALSE
REACTOME_DEGRADATION_OF_GLI1_BY_THE_PROTEASOME	FALSE
REACTOME_DEGRADATION_OF_THE_EXTRACELLULAR_MATRIX	FALSE
REACTOME_DEPOLYMERISATION_OF_THE_NUCLEAR_LAMINA	FALSE
REACTOME_DEPOSITION_OF_NEW_CENPA_CONTAINING_NUCLEOSOMES_AT_THE_CENTROMERE	FALSE
REACTOME_DEREGULATED_CDK5_TRIGGERS_MULTIPLE_NEURODEGENERATIVE_PATHWAYS_IN_ALZHEIMER_S_DISEASE_MODELS	FALSE
REACTOME_DERMATAN_SULFATE_BIOSYNTHESIS	FALSE
REACTOME_DETOXIFICATION_OF_REACTIVE_OXYGEN_SPECIES	FALSE
REACTOME_DEUBIQUITINATION	FALSE
REACTOME_DEVELOPMENTAL_BIOLOGY	FALSE
REACTOME_DEX_H_BOX_HELICASES_ACTIVATE_TYPE_I_IFN_AND_INFLAMMATORY_CYTOKINES_PRODUCTION	TRUE
REACTOME_DIGESTION	FALSE
REACTOME_DIGESTION_AND_ABSORPTION	FALSE
REACTOME_DIGESTION_OF_DIETARY_CARBOHYDRATE	FALSE
REACTOME_DIGESTION_OF_DIETARY_LIPID	FALSE
REACTOME_DISASSEMBLY_OF_THE_DESTRUCTION_COMPLEX_AND_RECRUITMENT_OF_AXIN_TO_THE_MEMBRANE	FALSE
REACTOME_DISEASES_ASSOCIATED_WITH_GLYCOSAMINOGLYCAN_METABOLISM	FALSE
REACTOME_DISEASES_ASSOCIATED_WITH_GLYCOSYLATION_PRECURSOR_BIOSYNTHESIS	FALSE
REACTOME_DISEASES_ASSOCIATED_WITH_N_GLYCOSYLATION_OF_PROTEINS	FALSE
REACTOME_DISEASES_ASSOCIATED_WITH_O_GLYCOSYLATION_OF_PROTEINS	FALSE
REACTOME_DISEASES_ASSOCIATED_WITH_SURFACTANT_METABOLISM	FALSE
REACTOME_DISEASES_OF_BASE_EXCISION_REPAIR	FALSE
REACTOME_DISEASES_OF_CARBOHYDRATE_METABOLISM	FALSE
REACTOME_DISEASES_OF_DNA_REPAIR	FALSE
REACTOME_DISEASES_OF_GLYCOSYLATION	FALSE
REACTOME_DISEASES_OF_IMMUNE_SYSTEM	TRUE
REACTOME_DISEASES_OF_METABOLISM	FALSE
REACTOME_DISEASES_OF_MISMATCH_REPAIR_MMR	FALSE
REACTOME_DISEASES_OF_MITOTIC_CELL_CYCLE	FALSE
REACTOME_DISEASES_OF_PROGRAMMED_CELL_DEATH	FALSE
REACTOME_DISEASES_OF_SIGNAL_TRANSDUCTION_BY_GROWTH_FACTOR_RECEPTORS_AND_SECOND_MESSENGERS	FALSE
REACTOME_DISINHIBITION_OF_SNARE_FORMATION	FALSE
REACTOME_DISORDERS_OF_TRANSMEMBRANE_TRANSPORTERS	FALSE
REACTOME_DISPLACEMENT_OF_DNA_GLYCOSYLASE_BY_APEX1	FALSE
REACTOME_DISSOLUTION_OF_FIBRIN_CLOT	FALSE
REACTOME_DNA_DAMAGE_BYPASS	FALSE
REACTOME_DNA_DAMAGE_RECOGNITION_IN_GG_NER	FALSE
REACTOME_DNA_DAMAGE_REVERSAL	FALSE
REACTOME_DNA_DAMAGE_TELOMERE_STRESS_INDUCED_SENESCENCE	FALSE
REACTOME_DNA_DOUBLE_STRAND_BREAK_REPAIR	FALSE
REACTOME_DNA_DOUBLE_STRAND_BREAK_RESPONSE	FALSE
REACTOME_DNA_METHYLATION	FALSE
REACTOME_DNA_REPAIR	FALSE
REACTOME_DNA_REPLICATION	FALSE
REACTOME_DNA_REPLICATION_INITIATION	FALSE
REACTOME_DNA_REPLICATION_PRE_INITIATION	FALSE
REACTOME_DNA_STRAND_ELONGATION	FALSE
REACTOME_DOPAMINE_NEUROTRANSMITTER_RELEASE_CYCLE	FALSE
REACTOME_DOPAMINE_RECEPTORS	FALSE
REACTOME_DOWNREGULATION_OF_ERBB2_ERBB3_SIGNALING	FALSE
REACTOME_DOWNREGULATION_OF_ERBB2_SIGNALING	FALSE
REACTOME_DOWNREGULATION_OF_ERBB4_SIGNALING	FALSE
REACTOME_DOWNREGULATION_OF_SMAD2_3_SMAD4_TRANSCRIPTIONAL_ACTIVITY	FALSE
REACTOME_DOWNREGULATION_OF_TGF_BETA_RECEPTOR_SIGNALING	FALSE
REACTOME_DOWNSTREAM_SIGNAL_TRANSDUCTION	FALSE
REACTOME_DOWNSTREAM_SIGNALING_EVENTS_OF_B_CELL_RECEPTOR_BCR	TRUE
REACTOME_DOWNSTREAM_SIGNALING_OF_ACTIVATED_FGFR1	FALSE
REACTOME_DOWNSTREAM_SIGNALING_OF_ACTIVATED_FGFR2	FALSE
REACTOME_DOWNSTREAM_SIGNALING_OF_ACTIVATED_FGFR3	FALSE
REACTOME_DOWNSTREAM_SIGNALING_OF_ACTIVATED_FGFR4	FALSE
REACTOME_DSCAM_INTERACTIONS	FALSE
REACTOME_DUAL_INCISION_IN_GG_NER	FALSE
REACTOME_DUAL_INCISION_IN_TC_NER	FALSE
REACTOME_E2F_ENABLED_INHIBITION_OF_PRE_REPLICATION_COMPLEX_FORMATION	FALSE
REACTOME_E2F_MEDIATED_REGULATION_OF_DNA_REPLICATION	FALSE
REACTOME_E3_UBIQUITIN_LIGASES_UBIQUITINATE_TARGET_PROTEINS	FALSE
REACTOME_EARLY_PHASE_OF_HIV_LIFE_CYCLE	FALSE
REACTOME_ECM_PROTEOGLYCANS	FALSE
REACTOME_EFFECTS_OF_PIP2_HYDROLYSIS	FALSE
REACTOME_EGFR_DOWNREGULATION	FALSE
REACTOME_EGFR_INTERACTS_WITH_PHOSPHOLIPASE_C_GAMMA	FALSE
REACTOME_EGFR_TRANSACTIVATION_BY_GASTRIN	FALSE
REACTOME_EGR2_AND_SOX10_MEDIATED_INITIATION_OF_SCHWANN_CELL_MYELINATION	FALSE
REACTOME_EICOSANOID_LIGAND_BINDING_RECEPTORS	FALSE
REACTOME_EICOSANOIDS	FALSE
REACTOME_ELASTIC_FIBRE_FORMATION	FALSE
REACTOME_ELECTRIC_TRANSMISSION_ACROSS_GAP_JUNCTIONS	FALSE
REACTOME_ELEVATION_OF_CYTOSOLIC_CA2_LEVELS	FALSE
REACTOME_ENDOGENOUS_STEROLS	FALSE
REACTOME_ENDOSOMAL_SORTING_COMPLEX_REQUIRED_FOR_TRANSPORT_ESCRT	FALSE
REACTOME_ENDOSOMAL_VACUOLAR_PATHWAY	FALSE
REACTOME_ENERGY_DEPENDENT_REGULATION_OF_MTOR_BY_LKB1_AMPK	FALSE
REACTOME_ENOS_ACTIVATION	FALSE
REACTOME_EPH_EPHRIN_MEDIATED_REPULSION_OF_CELLS	FALSE
REACTOME_EPH_EPHRIN_SIGNALING	FALSE
REACTOME_EPHA_MEDIATED_GROWTH_CONE_COLLAPSE	FALSE
REACTOME_EPHB_MEDIATED_FORWARD_SIGNALING	FALSE
REACTOME_EPHRIN_SIGNALING	FALSE
REACTOME_EPIGENETIC_REGULATION_OF_GENE_EXPRESSION	FALSE
REACTOME_ER_QUALITY_CONTROL_COMPARTMENT_ERQC	FALSE
REACTOME_ER_TO_GOLGI_ANTEROGRADE_TRANSPORT	FALSE
REACTOME_ERBB2_ACTIVATES_PTK6_SIGNALING	FALSE
REACTOME_ERBB2_REGULATES_CELL_MOTILITY	FALSE
REACTOME_ERCC6_CSB_AND_EHMT2_G9A_POSITIVELY_REGULATE_RRNA_EXPRESSION	FALSE
REACTOME_ERK_MAPK_TARGETS	FALSE
REACTOME_ERKS_ARE_INACTIVATED	FALSE
REACTOME_ERYTHROCYTES_TAKE_UP_CARBON_DIOXIDE_AND_RELEASE_OXYGEN	FALSE
REACTOME_ERYTHROCYTES_TAKE_UP_OXYGEN_AND_RELEASE_CARBON_DIOXIDE	FALSE
REACTOME_ERYTHROPOIETIN_ACTIVATES_PHOSPHOINOSITIDE_3_KINASE_PI3K	FALSE
REACTOME_ERYTHROPOIETIN_ACTIVATES_PHOSPHOLIPASE_C_GAMMA_PLCG	FALSE
REACTOME_ERYTHROPOIETIN_ACTIVATES_RAS	FALSE
REACTOME_ERYTHROPOIETIN_ACTIVATES_STAT5	FALSE
REACTOME_ESR_MEDIATED_SIGNALING	FALSE
REACTOME_ESTABLISHMENT_OF_SISTER_CHROMATID_COHESION	FALSE
REACTOME_ESTROGEN_BIOSYNTHESIS	FALSE
REACTOME_ESTROGEN_DEPENDENT_GENE_EXPRESSION	FALSE
REACTOME_ESTROGEN_DEPENDENT_NUCLEAR_EVENTS_DOWNSTREAM_OF_ESR_MEMBRANE_SIGNALING	FALSE
REACTOME_ESTROGEN_STIMULATED_SIGNALING_THROUGH_PRKCZ	FALSE
REACTOME_ETHANOL_OXIDATION	FALSE
REACTOME_EUKARYOTIC_TRANSLATION_ELONGATION	FALSE
REACTOME_EUKARYOTIC_TRANSLATION_INITIATION	FALSE
REACTOME_EXPORT_OF_VIRAL_RIBONUCLEOPROTEINS_FROM_NUCLEUS	TRUE
REACTOME_EXTENSION_OF_TELOMERES	FALSE
REACTOME_EXTRA_NUCLEAR_ESTROGEN_SIGNALING	FALSE
REACTOME_EXTRACELLULAR_MATRIX_ORGANIZATION	FALSE
REACTOME_EXTRINSIC_PATHWAY_OF_FIBRIN_CLOT_FORMATION	FALSE
REACTOME_FACTORS_INVOLVED_IN_MEGAKARYOCYTE_DEVELOPMENT_AND_PLATELET_PRODUCTION	FALSE
REACTOME_FANCONI_ANEMIA_PATHWAY	FALSE
REACTOME_FASL_CD95L_SIGNALING	FALSE
REACTOME_FATTY_ACID_METABOLISM	FALSE
REACTOME_FATTY_ACIDS	FALSE
REACTOME_FATTY_ACIDS_BOUND_TO_GPR40_FFAR1_REGULATE_INSULIN_SECRETION	FALSE
REACTOME_FATTY_ACYL_COA_BIOSYNTHESIS	FALSE
REACTOME_FBXW7_MUTANTS_AND_NOTCH1_IN_CANCER	FALSE
REACTOME_FC_EPSILON_RECEPTOR_FCERI_SIGNALING	TRUE
REACTOME_FCERI_MEDIATED_CA_2_MOBILIZATION	FALSE
REACTOME_FCERI_MEDIATED_MAPK_ACTIVATION	FALSE
REACTOME_FCERI_MEDIATED_NF_KB_ACTIVATION	FALSE
REACTOME_FCGAMMA_RECEPTOR_FCGR_DEPENDENT_PHAGOCYTOSIS	TRUE
REACTOME_FCGR3A_MEDIATED_IL10_SYNTHESIS	FALSE
REACTOME_FCGR_ACTIVATION	FALSE
REACTOME_FERTILIZATION	FALSE
REACTOME_FGFR1_LIGAND_BINDING_AND_ACTIVATION	FALSE
REACTOME_FGFR1_MUTANT_RECEPTOR_ACTIVATION	FALSE
REACTOME_FGFR1B_LIGAND_BINDING_AND_ACTIVATION	FALSE
REACTOME_FGFR1C_LIGAND_BINDING_AND_ACTIVATION	FALSE
REACTOME_FGFR2_ALTERNATIVE_SPLICING	FALSE
REACTOME_FGFR2_LIGAND_BINDING_AND_ACTIVATION	FALSE
REACTOME_FGFR2_MUTANT_RECEPTOR_ACTIVATION	FALSE
REACTOME_FGFR2B_LIGAND_BINDING_AND_ACTIVATION	FALSE
REACTOME_FGFR2C_LIGAND_BINDING_AND_ACTIVATION	FALSE
REACTOME_FGFR3_LIGAND_BINDING_AND_ACTIVATION	FALSE
REACTOME_FGFR3B_LIGAND_BINDING_AND_ACTIVATION	FALSE
REACTOME_FGFRL1_MODULATION_OF_FGFR1_SIGNALING	FALSE
REACTOME_FIBRONECTIN_MATRIX_FORMATION	FALSE
REACTOME_FICOLINS_BIND_TO_REPETITIVE_CARBOHYDRATE_STRUCTURES_ON_THE_TARGET_CELL_SURFACE	FALSE
REACTOME_FLT3_SIGNALING	FALSE
REACTOME_FLT3_SIGNALING_BY_CBL_MUTANTS	FALSE
REACTOME_FLT3_SIGNALING_IN_DISEASE	FALSE
REACTOME_FLT3_SIGNALING_THROUGH_SRC_FAMILY_KINASES	FALSE
REACTOME_FOLDING_OF_ACTIN_BY_CCT_TRIC	FALSE
REACTOME_FORMATION_OF_APOPTOSOME	FALSE
REACTOME_FORMATION_OF_ATP_BY_CHEMIOSMOTIC_COUPLING	FALSE
REACTOME_FORMATION_OF_FIBRIN_CLOT_CLOTTING_CASCADE	FALSE
REACTOME_FORMATION_OF_INCISION_COMPLEX_IN_GG_NER	FALSE
REACTOME_FORMATION_OF_RNA_POL_II_ELONGATION_COMPLEX	FALSE
REACTOME_FORMATION_OF_SENESCENCE_ASSOCIATED_HETEROCHROMATIN_FOCI_SAHF	FALSE
REACTOME_FORMATION_OF_TC_NER_PRE_INCISION_COMPLEX	FALSE
REACTOME_FORMATION_OF_THE_BETA_CATENIN_TCF_TRANSACTIVATING_COMPLEX	FALSE
REACTOME_FORMATION_OF_THE_CORNIFIED_ENVELOPE	FALSE
REACTOME_FORMATION_OF_THE_EARLY_ELONGATION_COMPLEX	FALSE
REACTOME_FORMATION_OF_TUBULIN_FOLDING_INTERMEDIATES_BY_CCT_TRIC	FALSE
REACTOME_FORMATION_OF_XYLULOSE_5_PHOSPHATE	FALSE
REACTOME_FORMYL_PEPTIDE_RECEPTORS_BIND_FORMYL_PEPTIDES_AND_MANY_OTHER_LIGANDS	FALSE
REACTOME_FOXO_MEDIATED_TRANSCRIPTION	FALSE
REACTOME_FOXO_MEDIATED_TRANSCRIPTION_OF_CELL_CYCLE_GENES	FALSE
REACTOME_FOXO_MEDIATED_TRANSCRIPTION_OF_CELL_DEATH_GENES	FALSE
REACTOME_FOXO_MEDIATED_TRANSCRIPTION_OF_OXIDATIVE_STRESS_METABOLIC_AND_NEURONAL_GENES	FALSE
REACTOME_FREE_FATTY_ACID_RECEPTORS	FALSE
REACTOME_FREE_FATTY_ACIDS_REGULATE_INSULIN_SECRETION	FALSE
REACTOME_FRS_MEDIATED_FGFR1_SIGNALING	FALSE
REACTOME_FRS_MEDIATED_FGFR2_SIGNALING	FALSE
REACTOME_FRS_MEDIATED_FGFR3_SIGNALING	FALSE
REACTOME_FRS_MEDIATED_FGFR4_SIGNALING	FALSE
REACTOME_FRUCTOSE_CATABOLISM	FALSE
REACTOME_FRUCTOSE_METABOLISM	FALSE
REACTOME_G0_AND_EARLY_G1	FALSE
REACTOME_G1_S_DNA_DAMAGE_CHECKPOINTS	FALSE
REACTOME_G1_S_SPECIFIC_TRANSCRIPTION	FALSE
REACTOME_G2_M_CHECKPOINTS	FALSE
REACTOME_G2_M_DNA_DAMAGE_CHECKPOINT	FALSE
REACTOME_G2_M_DNA_REPLICATION_CHECKPOINT	FALSE
REACTOME_G2_PHASE	FALSE
REACTOME_G_ALPHA_12_13_SIGNALLING_EVENTS	FALSE
REACTOME_G_ALPHA_I_SIGNALLING_EVENTS	FALSE
REACTOME_G_ALPHA_Q_SIGNALLING_EVENTS	FALSE
REACTOME_G_ALPHA_S_SIGNALLING_EVENTS	FALSE
REACTOME_G_ALPHA_Z_SIGNALLING_EVENTS	FALSE
REACTOME_G_BETA_GAMMA_SIGNALLING_THROUGH_CDC42	FALSE
REACTOME_G_BETA_GAMMA_SIGNALLING_THROUGH_PI3KGAMMA	FALSE
REACTOME_G_PROTEIN_ACTIVATION	FALSE
REACTOME_G_PROTEIN_BETA_GAMMA_SIGNALLING	FALSE
REACTOME_G_PROTEIN_MEDIATED_EVENTS	FALSE
REACTOME_GAB1_SIGNALOSOME	FALSE
REACTOME_GABA_B_RECEPTOR_ACTIVATION	FALSE
REACTOME_GABA_RECEPTOR_ACTIVATION	FALSE
REACTOME_GABA_SYNTHESIS_RELEASE_REUPTAKE_AND_DEGRADATION	FALSE
REACTOME_GALACTOSE_CATABOLISM	FALSE
REACTOME_GAMMA_CARBOXYLATION_HYPUSINE_FORMATION_AND_ARYLSULFATASE_ACTIVATION	FALSE
REACTOME_GAMMA_CARBOXYLATION_TRANSPORT_AND_AMINO_TERMINAL_CLEAVAGE_OF_PROTEINS	FALSE
REACTOME_GAP_FILLING_DNA_REPAIR_SYNTHESIS_AND_LIGATION_IN_GG_NER	FALSE
REACTOME_GAP_JUNCTION_ASSEMBLY	FALSE
REACTOME_GAP_JUNCTION_DEGRADATION	FALSE
REACTOME_GAP_JUNCTION_TRAFFICKING_AND_REGULATION	FALSE
REACTOME_GASTRIN_CREB_SIGNALLING_PATHWAY_VIA_PKC_AND_MAPK	FALSE
REACTOME_GDP_FUCOSE_BIOSYNTHESIS	FALSE
REACTOME_GENE_AND_PROTEIN_EXPRESSION_BY_JAK_STAT_SIGNALING_AFTER_INTERLEUKIN_12_STIMULATION	TRUE
REACTOME_GENE_SILENCING_BY_RNA	FALSE
REACTOME_GENERATION_OF_SECOND_MESSENGER_MOLECULES	FALSE
REACTOME_GLI_PROTEINS_BIND_PROMOTERS_OF_HH_RESPONSIVE_GENES_TO_PROMOTE_TRANSCRIPTION	FALSE
REACTOME_GLOBAL_GENOME_NUCLEOTIDE_EXCISION_REPAIR_GG_NER	FALSE
REACTOME_GLUCAGON_LIKE_PEPTIDE_1_GLP1_REGULATES_INSULIN_SECRETION	FALSE
REACTOME_GLUCAGON_SIGNALING_IN_METABOLIC_REGULATION	FALSE
REACTOME_GLUCAGON_TYPE_LIGAND_RECEPTORS	FALSE
REACTOME_GLUCOCORTICOID_BIOSYNTHESIS	FALSE
REACTOME_GLUCONEOGENESIS	FALSE
REACTOME_GLUCOSE_METABOLISM	FALSE
REACTOME_GLUCURONIDATION	FALSE
REACTOME_GLUTAMATE_AND_GLUTAMINE_METABOLISM	FALSE
REACTOME_GLUTAMATE_NEUROTRANSMITTER_RELEASE_CYCLE	FALSE
REACTOME_GLUTATHIONE_CONJUGATION	FALSE
REACTOME_GLUTATHIONE_SYNTHESIS_AND_RECYCLING	FALSE
REACTOME_GLYCEROPHOSPHOLIPID_BIOSYNTHESIS	FALSE
REACTOME_GLYCEROPHOSPHOLIPID_CATABOLISM	FALSE
REACTOME_GLYCOGEN_BREAKDOWN_GLYCOGENOLYSIS	FALSE
REACTOME_GLYCOGEN_METABOLISM	FALSE
REACTOME_GLYCOGEN_STORAGE_DISEASES	FALSE
REACTOME_GLYCOGEN_SYNTHESIS	FALSE
REACTOME_GLYCOLYSIS	FALSE
REACTOME_GLYCOSAMINOGLYCAN_METABOLISM	FALSE
REACTOME_GLYCOSPHINGOLIPID_METABOLISM	FALSE
REACTOME_GLYOXYLATE_METABOLISM_AND_GLYCINE_DEGRADATION	FALSE
REACTOME_GOLGI_ASSOCIATED_VESICLE_BIOGENESIS	FALSE
REACTOME_GOLGI_CISTERNAE_PERICENTRIOLAR_STACK_REORGANIZATION	FALSE
REACTOME_GOLGI_TO_ER_RETROGRADE_TRANSPORT	FALSE
REACTOME_GP1B_IX_V_ACTIVATION_SIGNALLING	FALSE
REACTOME_GPCR_LIGAND_BINDING	FALSE
REACTOME_GPVI_MEDIATED_ACTIVATION_CASCADE	FALSE
REACTOME_GRB2_EVENTS_IN_ERBB2_SIGNALING	FALSE
REACTOME_GRB2_SOS_PROVIDES_LINKAGE_TO_MAPK_SIGNALING_FOR_INTEGRINS	TRUE
REACTOME_GRB7_EVENTS_IN_ERBB2_SIGNALING	FALSE
REACTOME_GROWTH_HORMONE_RECEPTOR_SIGNALING	FALSE
REACTOME_HATS_ACETYLATE_HISTONES	FALSE
REACTOME_HCMV_EARLY_EVENTS	FALSE
REACTOME_HCMV_INFECTION	FALSE
REACTOME_HCMV_LATE_EVENTS	FALSE
REACTOME_HDACS_DEACETYLATE_HISTONES	FALSE
REACTOME_HDL_ASSEMBLY	FALSE
REACTOME_HDL_CLEARANCE	FALSE
REACTOME_HDL_REMODELING	FALSE
REACTOME_HDMS_DEMETHYLATE_HISTONES	FALSE
REACTOME_HDR_THROUGH_HOMOLOGOUS_RECOMBINATION_HRR	FALSE
REACTOME_HDR_THROUGH_MMEJ_ALT_NHEJ	FALSE
REACTOME_HDR_THROUGH_SINGLE_STRAND_ANNEALING_SSA	FALSE
REACTOME_HEDGEHOG_LIGAND_BIOGENESIS	FALSE
REACTOME_HEDGEHOG_OFF_STATE	FALSE
REACTOME_HEDGEHOG_ON_STATE	FALSE
REACTOME_HEME_BIOSYNTHESIS	FALSE
REACTOME_HEME_DEGRADATION	FALSE
REACTOME_HEME_SIGNALING	FALSE
REACTOME_HEMOSTASIS	FALSE
REACTOME_HEPARAN_SULFATE_HEPARIN_HS_GAG_METABOLISM	FALSE
REACTOME_HIGHLY_CALCIUM_PERMEABLE_NICOTINIC_ACETYLCHOLINE_RECEPTORS	FALSE
REACTOME_HIGHLY_CALCIUM_PERMEABLE_POSTSYNAPTIC_NICOTINIC_ACETYLCHOLINE_RECEPTORS	FALSE
REACTOME_HIGHLY_SODIUM_PERMEABLE_POSTSYNAPTIC_ACETYLCHOLINE_NICOTINIC_RECEPTORS	FALSE
REACTOME_HISTIDINE_CATABOLISM	FALSE
REACTOME_HIV_ELONGATION_ARREST_AND_RECOVERY	FALSE
REACTOME_HIV_INFECTION	FALSE
REACTOME_HIV_LIFE_CYCLE	FALSE
REACTOME_HIV_TRANSCRIPTION_ELONGATION	FALSE
REACTOME_HIV_TRANSCRIPTION_INITIATION	FALSE
REACTOME_HOMOLOGOUS_DNA_PAIRING_AND_STRAND_EXCHANGE	FALSE
REACTOME_HOMOLOGY_DIRECTED_REPAIR	FALSE
REACTOME_HORMONE_LIGAND_BINDING_RECEPTORS	FALSE
REACTOME_HOST_INTERACTIONS_OF_HIV_FACTORS	FALSE
REACTOME_HS_GAG_BIOSYNTHESIS	FALSE
REACTOME_HS_GAG_DEGRADATION	FALSE
REACTOME_HSF1_ACTIVATION	FALSE
REACTOME_HSF1_DEPENDENT_TRANSACTIVATION	FALSE
REACTOME_HSP90_CHAPERONE_CYCLE_FOR_STEROID_HORMONE_RECEPTORS_SHR	FALSE
REACTOME_HUR_ELAVL1_BINDS_AND_STABILIZES_MRNA	FALSE
REACTOME_HYALURONAN_BIOSYNTHESIS_AND_EXPORT	FALSE
REACTOME_HYALURONAN_METABOLISM	FALSE
REACTOME_HYALURONAN_UPTAKE_AND_DEGRADATION	FALSE
REACTOME_HYDROLYSIS_OF_LPC	FALSE
REACTOME_IKBA_VARIANT_LEADS_TO_EDA_ID	FALSE
REACTOME_IKK_COMPLEX_RECRUITMENT_MEDIATED_BY_RIP1	FALSE
REACTOME_IL_6_TYPE_CYTOKINE_RECEPTOR_LIGAND_INTERACTIONS	TRUE
REACTOME_IMMUNOREGULATORY_INTERACTIONS_BETWEEN_A_LYMPHOID_AND_A_NON_LYMPHOID_CELL	TRUE
REACTOME_INACTIVATION_OF_CDC42_AND_RAC1	FALSE
REACTOME_INACTIVATION_OF_CSF3_G_CSF_SIGNALING	FALSE
REACTOME_INCRETIN_SYNTHESIS_SECRETION_AND_INACTIVATION	FALSE
REACTOME_INFECTION_WITH_MYCOBACTERIUM_TUBERCULOSIS	TRUE
REACTOME_INFECTIOUS_DISEASE	FALSE
REACTOME_INFLAMMASOMES	TRUE
REACTOME_INFLUENZA_INFECTION	FALSE
REACTOME_INHIBITION_OF_DNA_RECOMBINATION_AT_TELOMERE	FALSE
REACTOME_INHIBITION_OF_REPLICATION_INITIATION_OF_DAMAGED_DNA_BY_RB1_E2F1	FALSE
REACTOME_INHIBITION_OF_THE_PROTEOLYTIC_ACTIVITY_OF_APC_C_REQUIRED_FOR_THE_ONSET_OF_ANAPHASE_BY_MITOTIC_SPINDLE_CHECKPOINT_COMPONENTS	FALSE
REACTOME_INITIAL_TRIGGERING_OF_COMPLEMENT	FALSE
REACTOME_INITIATION_OF_NUCLEAR_ENVELOPE_NE_REFORMATION	FALSE
REACTOME_INLA_MEDIATED_ENTRY_OF_LISTERIA_MONOCYTOGENES_INTO_HOST_CELLS	FALSE
REACTOME_INLB_MEDIATED_ENTRY_OF_LISTERIA_MONOCYTOGENES_INTO_HOST_CELL	FALSE
REACTOME_INNATE_IMMUNE_SYSTEM	TRUE
REACTOME_INOSITOL_PHOSPHATE_METABOLISM	FALSE
REACTOME_INSERTION_OF_TAIL_ANCHORED_PROTEINS_INTO_THE_ENDOPLASMIC_RETICULUM_MEMBRANE	FALSE
REACTOME_INSULIN_PROCESSING	FALSE
REACTOME_INSULIN_RECEPTOR_RECYCLING	FALSE
REACTOME_INSULIN_RECEPTOR_SIGNALLING_CASCADE	FALSE
REACTOME_INTEGRATION_OF_ENERGY_METABOLISM	FALSE
REACTOME_INTEGRATION_OF_PROVIRUS	TRUE
REACTOME_INTEGRIN_CELL_SURFACE_INTERACTIONS	TRUE
REACTOME_INTEGRIN_SIGNALING	TRUE
REACTOME_INTERACTION_BETWEEN_L1_AND_ANKYRINS	FALSE
REACTOME_INTERACTION_WITH_CUMULUS_CELLS_AND_THE_ZONA_PELLUCIDA	FALSE
REACTOME_INTERACTIONS_OF_REV_WITH_HOST_CELLULAR_PROTEINS	FALSE
REACTOME_INTERACTIONS_OF_VPR_WITH_HOST_CELLULAR_PROTEINS	FALSE
REACTOME_INTERCONVERSION_OF_NUCLEOTIDE_DI_AND_TRIPHOSPHATES	FALSE
REACTOME_INTERFERON_ALPHA_BETA_SIGNALING	TRUE
REACTOME_INTERFERON_GAMMA_SIGNALING	TRUE
REACTOME_INTERFERON_SIGNALING	TRUE
REACTOME_INTERLEUKIN_10_SIGNALING	TRUE
REACTOME_INTERLEUKIN_12_FAMILY_SIGNALING	TRUE
REACTOME_INTERLEUKIN_12_SIGNALING	TRUE
REACTOME_INTERLEUKIN_15_SIGNALING	TRUE
REACTOME_INTERLEUKIN_17_SIGNALING	TRUE
REACTOME_INTERLEUKIN_18_SIGNALING	TRUE
REACTOME_INTERLEUKIN_1_FAMILY_SIGNALING	TRUE
REACTOME_INTERLEUKIN_1_PROCESSING	TRUE
REACTOME_INTERLEUKIN_1_SIGNALING	TRUE
REACTOME_INTERLEUKIN_20_FAMILY_SIGNALING	TRUE
REACTOME_INTERLEUKIN_21_SIGNALING	TRUE
REACTOME_INTERLEUKIN_23_SIGNALING	TRUE
REACTOME_INTERLEUKIN_27_SIGNALING	TRUE
REACTOME_INTERLEUKIN_2_FAMILY_SIGNALING	TRUE
REACTOME_INTERLEUKIN_2_SIGNALING	TRUE
REACTOME_INTERLEUKIN_35_SIGNALLING	TRUE
REACTOME_INTERLEUKIN_36_PATHWAY	TRUE
REACTOME_INTERLEUKIN_37_SIGNALING	TRUE
REACTOME_INTERLEUKIN_3_INTERLEUKIN_5_AND_GM_CSF_SIGNALING	TRUE
REACTOME_INTERLEUKIN_4_AND_INTERLEUKIN_13_SIGNALING	TRUE
REACTOME_INTERLEUKIN_6_FAMILY_SIGNALING	TRUE
REACTOME_INTERLEUKIN_6_SIGNALING	TRUE
REACTOME_INTERLEUKIN_7_SIGNALING	TRUE
REACTOME_INTERLEUKIN_9_SIGNALING	TRUE
REACTOME_INTERLEUKIN_RECEPTOR_SHC_SIGNALING	TRUE
REACTOME_INTESTINAL_ABSORPTION	FALSE
REACTOME_INTRA_GOLGI_AND_RETROGRADE_GOLGI_TO_ER_TRAFFIC	FALSE
REACTOME_INTRA_GOLGI_TRAFFIC	FALSE
REACTOME_INTRACELLULAR_SIGNALING_BY_SECOND_MESSENGERS	FALSE
REACTOME_INTRAFLAGELLAR_TRANSPORT	FALSE
REACTOME_INTRINSIC_PATHWAY_FOR_APOPTOSIS	FALSE
REACTOME_INTRINSIC_PATHWAY_OF_FIBRIN_CLOT_FORMATION	FALSE
REACTOME_INWARDLY_RECTIFYING_K_CHANNELS	FALSE
REACTOME_ION_CHANNEL_TRANSPORT	FALSE
REACTOME_ION_HOMEOSTASIS	FALSE
REACTOME_ION_TRANSPORT_BY_P_TYPE_ATPASES	FALSE
REACTOME_IONOTROPIC_ACTIVITY_OF_KAINATE_RECEPTORS	FALSE
REACTOME_IRAK1_RECRUITS_IKK_COMPLEX	FALSE
REACTOME_IRAK2_MEDIATED_ACTIVATION_OF_TAK1_COMPLEX	FALSE
REACTOME_IRAK4_DEFICIENCY_TLR2_4	FALSE
REACTOME_IRE1ALPHA_ACTIVATES_CHAPERONES	FALSE
REACTOME_IRF3_MEDIATED_ACTIVATION_OF_TYPE_1_IFN	FALSE
REACTOME_IRF3_MEDIATED_INDUCTION_OF_TYPE_I_IFN	FALSE
REACTOME_IRON_UPTAKE_AND_TRANSPORT	FALSE
REACTOME_IRS_ACTIVATION	FALSE
REACTOME_IRS_MEDIATED_SIGNALLING	FALSE
REACTOME_JNK_C_JUN_KINASES_PHOSPHORYLATION_AND_ACTIVATION_MEDIATED_BY_ACTIVATED_HUMAN_TAK1	FALSE
REACTOME_JOSEPHIN_DOMAIN_DUBS	FALSE
REACTOME_KERATAN_SULFATE_BIOSYNTHESIS	FALSE
REACTOME_KERATAN_SULFATE_DEGRADATION	FALSE
REACTOME_KERATAN_SULFATE_KERATIN_METABOLISM	FALSE
REACTOME_KERATINIZATION	FALSE
REACTOME_KETONE_BODY_METABOLISM	FALSE
REACTOME_KILLING_MECHANISMS	FALSE
REACTOME_KINESINS	FALSE
REACTOME_KSRP_KHSRP_BINDS_AND_DESTABILIZES_MRNA	FALSE
REACTOME_L1CAM_INTERACTIONS	FALSE
REACTOME_LAGGING_STRAND_SYNTHESIS	FALSE
REACTOME_LAMININ_INTERACTIONS	FALSE
REACTOME_LATE_ENDOSOMAL_MICROAUTOPHAGY	FALSE
REACTOME_LDL_CLEARANCE	FALSE
REACTOME_LECTIN_PATHWAY_OF_COMPLEMENT_ACTIVATION	FALSE
REACTOME_LEISHMANIA_INFECTION	FALSE
REACTOME_LEUKOTRIENE_RECEPTORS	TRUE
REACTOME_LGI_ADAM_INTERACTIONS	FALSE
REACTOME_LIGAND_RECEPTOR_INTERACTIONS	FALSE
REACTOME_LINOLEIC_ACID_LA_METABOLISM	FALSE
REACTOME_LIPID_PARTICLE_ORGANIZATION	FALSE
REACTOME_LIPOPHAGY	FALSE
REACTOME_LISTERIA_MONOCYTOGENES_ENTRY_INTO_HOST_CELLS	FALSE
REACTOME_LONG_TERM_POTENTIATION	FALSE
REACTOME_LOSS_OF_FUNCTION_OF_MECP2_IN_RETT_SYNDROME	FALSE
REACTOME_LOSS_OF_FUNCTION_OF_SMAD2_3_IN_CANCER	FALSE
REACTOME_LOSS_OF_MECP2_BINDING_ABILITY_TO_THE_NCOR_SMRT_COMPLEX	FALSE
REACTOME_LRR_FLII_INTERACTING_PROTEIN_1_LRRFIP1_ACTIVATES_TYPE_I_IFN_PRODUCTION	FALSE
REACTOME_LTC4_CYSLTR_MEDIATED_IL4_PRODUCTION	FALSE
REACTOME_LYSINE_CATABOLISM	FALSE
REACTOME_LYSOSOME_VESICLE_BIOGENESIS	FALSE
REACTOME_LYSOSPHINGOLIPID_AND_LPA_RECEPTORS	FALSE
REACTOME_M_PHASE	FALSE
REACTOME_MAP2K_AND_MAPK_ACTIVATION	FALSE
REACTOME_MAP3K8_TPL2_DEPENDENT_MAPK1_3_ACTIVATION	FALSE
REACTOME_MAPK1_ERK2_ACTIVATION	FALSE
REACTOME_MAPK3_ERK1_ACTIVATION	FALSE
REACTOME_MAPK6_MAPK4_SIGNALING	FALSE
REACTOME_MAPK_FAMILY_SIGNALING_CASCADES	FALSE
REACTOME_MAPK_TARGETS_NUCLEAR_EVENTS_MEDIATED_BY_MAP_KINASES	FALSE
REACTOME_MASTL_FACILITATES_MITOTIC_PROGRESSION	FALSE
REACTOME_MATURATION_OF_NUCLEOPROTEIN	FALSE
REACTOME_MATURATION_OF_PROTEIN_3A	FALSE
REACTOME_MATURATION_OF_SARS_COV_1_SPIKE_PROTEIN	FALSE
REACTOME_MATURATION_OF_SARS_COV_2_SPIKE_PROTEIN	FALSE
REACTOME_MECP2_REGULATES_NEURONAL_RECEPTORS_AND_CHANNELS	FALSE
REACTOME_MECP2_REGULATES_TRANSCRIPTION_FACTORS	FALSE
REACTOME_MECP2_REGULATES_TRANSCRIPTION_OF_NEURONAL_LIGANDS	FALSE
REACTOME_MEIOSIS	FALSE
REACTOME_MEIOTIC_RECOMBINATION	FALSE
REACTOME_MEIOTIC_SYNAPSIS	FALSE
REACTOME_MELANIN_BIOSYNTHESIS	FALSE
REACTOME_MEMBRANE_TRAFFICKING	FALSE
REACTOME_MET_ACTIVATES_PI3K_AKT_SIGNALING	FALSE
REACTOME_MET_ACTIVATES_PTK2_SIGNALING	FALSE
REACTOME_MET_ACTIVATES_PTPN11	FALSE
REACTOME_MET_ACTIVATES_RAP1_AND_RAC1	FALSE
REACTOME_MET_ACTIVATES_RAS_SIGNALING	FALSE
REACTOME_MET_INTERACTS_WITH_TNS_PROTEINS	FALSE
REACTOME_MET_PROMOTES_CELL_MOTILITY	FALSE
REACTOME_MET_RECEPTOR_ACTIVATION	FALSE
REACTOME_MET_RECEPTOR_RECYCLING	FALSE
REACTOME_METABOLIC_DISORDERS_OF_BIOLOGICAL_OXIDATION_ENZYMES	FALSE
REACTOME_METABOLISM_OF_AMINE_DERIVED_HORMONES	FALSE
REACTOME_METABOLISM_OF_AMINO_ACIDS_AND_DERIVATIVES	FALSE
REACTOME_METABOLISM_OF_ANGIOTENSINOGEN_TO_ANGIOTENSINS	FALSE
REACTOME_METABOLISM_OF_CARBOHYDRATES	FALSE
REACTOME_METABOLISM_OF_COFACTORS	FALSE
REACTOME_METABOLISM_OF_FAT_SOLUBLE_VITAMINS	FALSE
REACTOME_METABOLISM_OF_FOLATE_AND_PTERINES	FALSE
REACTOME_METABOLISM_OF_INGESTED_SEMET_SEC_MESEC_INTO_H2SE	FALSE
REACTOME_METABOLISM_OF_LIPIDS	FALSE
REACTOME_METABOLISM_OF_NITRIC_OXIDE_NOS3_ACTIVATION_AND_REGULATION	FALSE
REACTOME_METABOLISM_OF_NUCLEOTIDES	FALSE
REACTOME_METABOLISM_OF_POLYAMINES	FALSE
REACTOME_METABOLISM_OF_PORPHYRINS	FALSE
REACTOME_METABOLISM_OF_RNA	FALSE
REACTOME_METABOLISM_OF_STEROID_HORMONES	FALSE
REACTOME_METABOLISM_OF_STEROIDS	FALSE
REACTOME_METABOLISM_OF_VITAMINS_AND_COFACTORS	FALSE
REACTOME_METABOLISM_OF_WATER_SOLUBLE_VITAMINS_AND_COFACTORS	FALSE
REACTOME_METAL_ION_SLC_TRANSPORTERS	FALSE
REACTOME_METAL_SEQUESTRATION_BY_ANTIMICROBIAL_PROTEINS	TRUE
REACTOME_METALLOPROTEASE_DUBS	FALSE
REACTOME_METALLOTHIONEINS_BIND_METALS	FALSE
REACTOME_METHIONINE_SALVAGE_PATHWAY	FALSE
REACTOME_METHYLATION	FALSE
REACTOME_MHC_CLASS_II_ANTIGEN_PRESENTATION	TRUE
REACTOME_MICRORNA_MIRNA_BIOGENESIS	FALSE
REACTOME_MINERALOCORTICOID_BIOSYNTHESIS	FALSE
REACTOME_MIRO_GTPASE_CYCLE	FALSE
REACTOME_MISCELLANEOUS_SUBSTRATES	FALSE
REACTOME_MISCELLANEOUS_TRANSPORT_AND_BINDING_EVENTS	FALSE
REACTOME_MISMATCH_REPAIR	FALSE
REACTOME_MITOCHONDRIAL_BIOGENESIS	FALSE
REACTOME_MITOCHONDRIAL_CALCIUM_ION_TRANSPORT	FALSE
REACTOME_MITOCHONDRIAL_FATTY_ACID_BETA_OXIDATION	FALSE
REACTOME_MITOCHONDRIAL_FATTY_ACID_BETA_OXIDATION_OF_SATURATED_FATTY_ACIDS	FALSE
REACTOME_MITOCHONDRIAL_FATTY_ACID_BETA_OXIDATION_OF_UNSATURATED_FATTY_ACIDS	FALSE
REACTOME_MITOCHONDRIAL_IRON_SULFUR_CLUSTER_BIOGENESIS	FALSE
REACTOME_MITOCHONDRIAL_PROTEIN_IMPORT	FALSE
REACTOME_MITOCHONDRIAL_TRANSLATION	FALSE
REACTOME_MITOCHONDRIAL_TRNA_AMINOACYLATION	FALSE
REACTOME_MITOCHONDRIAL_UNCOUPLING	FALSE
REACTOME_MITOPHAGY	FALSE
REACTOME_MITOTIC_G1_PHASE_AND_G1_S_TRANSITION	FALSE
REACTOME_MITOTIC_G2_G2_M_PHASES	FALSE
REACTOME_MITOTIC_METAPHASE_AND_ANAPHASE	FALSE
REACTOME_MITOTIC_PROMETAPHASE	FALSE
REACTOME_MITOTIC_PROPHASE	FALSE
REACTOME_MITOTIC_SPINDLE_CHECKPOINT	FALSE
REACTOME_MITOTIC_TELOPHASE_CYTOKINESIS	FALSE
REACTOME_MODULATION_BY_MTB_OF_HOST_IMMUNE_SYSTEM	TRUE
REACTOME_MOLECULES_ASSOCIATED_WITH_ELASTIC_FIBRES	FALSE
REACTOME_MOLYBDENUM_COFACTOR_BIOSYNTHESIS	FALSE
REACTOME_MRNA_CAPPING	FALSE
REACTOME_MRNA_DECAY_BY_3_TO_5_EXORIBONUCLEASE	FALSE
REACTOME_MRNA_DECAY_BY_5_TO_3_EXORIBONUCLEASE	FALSE
REACTOME_MRNA_EDITING	FALSE
REACTOME_MRNA_EDITING_C_TO_U_CONVERSION	FALSE
REACTOME_MRNA_SPLICING	FALSE
REACTOME_MRNA_SPLICING_MINOR_PATHWAY	FALSE
REACTOME_MTOR_SIGNALLING	FALSE
REACTOME_MTORC1_MEDIATED_SIGNALLING	FALSE
REACTOME_MUCOPOLYSACCHARIDOSES	FALSE
REACTOME_MULTIFUNCTIONAL_ANION_EXCHANGERS	FALSE
REACTOME_MUSCARINIC_ACETYLCHOLINE_RECEPTORS	FALSE
REACTOME_MUSCLE_CONTRACTION	FALSE
REACTOME_MYD88_INDEPENDENT_TLR4_CASCADE	FALSE
REACTOME_MYOCLONIC_EPILEPSY_OF_LAFORA	FALSE
REACTOME_MYOGENESIS	FALSE
REACTOME_N_GLYCAN_ANTENNAE_ELONGATION	FALSE
REACTOME_N_GLYCAN_ANTENNAE_ELONGATION_IN_THE_MEDIAL_TRANS_GOLGI	FALSE
REACTOME_N_GLYCAN_TRIMMING_AND_ELONGATION_IN_THE_CIS_GOLGI	FALSE
REACTOME_N_GLYCAN_TRIMMING_IN_THE_ER_AND_CALNEXIN_CALRETICULIN_CYCLE	FALSE
REACTOME_NA_CL_DEPENDENT_NEUROTRANSMITTER_TRANSPORTERS	FALSE
REACTOME_NADE_MODULATES_DEATH_SIGNALLING	FALSE
REACTOME_NCAM1_INTERACTIONS	FALSE
REACTOME_NCAM_SIGNALING_FOR_NEURITE_OUT_GROWTH	FALSE
REACTOME_NECTIN_NECL_TRANS_HETERODIMERIZATION	FALSE
REACTOME_NEDDYLATION	FALSE
REACTOME_NEF_AND_SIGNAL_TRANSDUCTION	FALSE
REACTOME_NEF_MEDIATED_CD4_DOWN_REGULATION	FALSE
REACTOME_NEF_MEDIATED_CD8_DOWN_REGULATION	FALSE
REACTOME_NEF_MEDIATED_DOWNREGULATION_OF_MHC_CLASS_I_COMPLEX_CELL_SURFACE_EXPRESSION	TRUE
REACTOME_NEF_MEDIATES_DOWN_MODULATION_OF_CELL_SURFACE_RECEPTORS_BY_RECRUITING_THEM_TO_CLATHRIN_ADAPTERS	FALSE
REACTOME_NEGATIVE_EPIGENETIC_REGULATION_OF_RRNA_EXPRESSION	FALSE
REACTOME_NEGATIVE_FEEDBACK_REGULATION_OF_MAPK_PATHWAY	FALSE
REACTOME_NEGATIVE_REGULATION_OF_ACTIVITY_OF_TFAP2_AP_2_FAMILY_TRANSCRIPTION_FACTORS	FALSE
REACTOME_NEGATIVE_REGULATION_OF_FGFR1_SIGNALING	FALSE
REACTOME_NEGATIVE_REGULATION_OF_FGFR2_SIGNALING	FALSE
REACTOME_NEGATIVE_REGULATION_OF_FGFR3_SIGNALING	FALSE
REACTOME_NEGATIVE_REGULATION_OF_FGFR4_SIGNALING	FALSE
REACTOME_NEGATIVE_REGULATION_OF_FLT3	FALSE
REACTOME_NEGATIVE_REGULATION_OF_MAPK_PATHWAY	FALSE
REACTOME_NEGATIVE_REGULATION_OF_MET_ACTIVITY	FALSE
REACTOME_NEGATIVE_REGULATION_OF_NMDA_RECEPTOR_MEDIATED_NEURONAL_TRANSMISSION	FALSE
REACTOME_NEGATIVE_REGULATION_OF_NOTCH4_SIGNALING	FALSE
REACTOME_NEGATIVE_REGULATION_OF_TCF_DEPENDENT_SIGNALING_BY_DVL_INTERACTING_PROTEINS	FALSE
REACTOME_NEGATIVE_REGULATION_OF_TCF_DEPENDENT_SIGNALING_BY_WNT_LIGAND_ANTAGONISTS	FALSE
REACTOME_NEGATIVE_REGULATION_OF_THE_PI3K_AKT_NETWORK	FALSE
REACTOME_NEGATIVE_REGULATORS_OF_DDX58_IFIH1_SIGNALING	FALSE
REACTOME_NEPHRIN_FAMILY_INTERACTIONS	FALSE
REACTOME_NERVOUS_SYSTEM_DEVELOPMENT	FALSE
REACTOME_NETRIN_1_SIGNALING	FALSE
REACTOME_NETRIN_MEDIATED_REPULSION_SIGNALS	FALSE
REACTOME_NEUREXINS_AND_NEUROLIGINS	FALSE
REACTOME_NEUROFASCIN_INTERACTIONS	FALSE
REACTOME_NEURONAL_SYSTEM	FALSE
REACTOME_NEUROTOXICITY_OF_CLOSTRIDIUM_TOXINS	FALSE
REACTOME_NEUROTRANSMITTER_CLEARANCE	FALSE
REACTOME_NEUROTRANSMITTER_RECEPTORS_AND_POSTSYNAPTIC_SIGNAL_TRANSMISSION	FALSE
REACTOME_NEUROTRANSMITTER_RELEASE_CYCLE	FALSE
REACTOME_NEUTROPHIL_DEGRANULATION	TRUE
REACTOME_NF_KB_ACTIVATION_THROUGH_FADD_RIP_1_PATHWAY_MEDIATED_BY_CASPASE_8_AND_10	FALSE
REACTOME_NF_KB_IS_ACTIVATED_AND_SIGNALS_SURVIVAL	FALSE
REACTOME_NGF_INDEPENDANT_TRKA_ACTIVATION	FALSE
REACTOME_NGF_STIMULATED_TRANSCRIPTION	FALSE
REACTOME_NICOTINAMIDE_SALVAGING	FALSE
REACTOME_NICOTINATE_METABOLISM	FALSE
REACTOME_NITRIC_OXIDE_STIMULATES_GUANYLATE_CYCLASE	FALSE
REACTOME_NOD1_2_SIGNALING_PATHWAY	FALSE
REACTOME_NON_INTEGRIN_MEMBRANE_ECM_INTERACTIONS	TRUE
REACTOME_NONCANONICAL_ACTIVATION_OF_NOTCH3	FALSE
REACTOME_NONHOMOLOGOUS_END_JOINING_NHEJ	FALSE
REACTOME_NONSENSE_MEDIATED_DECAY_NMD	FALSE
REACTOME_NOREPINEPHRINE_NEUROTRANSMITTER_RELEASE_CYCLE	FALSE
REACTOME_NOSTRIN_MEDIATED_ENOS_TRAFFICKING	FALSE
REACTOME_NOTCH1_INTRACELLULAR_DOMAIN_REGULATES_TRANSCRIPTION	FALSE
REACTOME_NOTCH2_ACTIVATION_AND_TRANSMISSION_OF_SIGNAL_TO_THE_NUCLEUS	FALSE
REACTOME_NOTCH2_INTRACELLULAR_DOMAIN_REGULATES_TRANSCRIPTION	FALSE
REACTOME_NOTCH3_ACTIVATION_AND_TRANSMISSION_OF_SIGNAL_TO_THE_NUCLEUS	FALSE
REACTOME_NOTCH3_INTRACELLULAR_DOMAIN_REGULATES_TRANSCRIPTION	FALSE
REACTOME_NOTCH4_ACTIVATION_AND_TRANSMISSION_OF_SIGNAL_TO_THE_NUCLEUS	FALSE
REACTOME_NOTCH4_INTRACELLULAR_DOMAIN_REGULATES_TRANSCRIPTION	FALSE
REACTOME_NOTCH_HLH_TRANSCRIPTION_PATHWAY	FALSE
REACTOME_NR1H2_AND_NR1H3_MEDIATED_SIGNALING	FALSE
REACTOME_NR1H2_NR1H3_REGULATE_GENE_EXPRESSION_LINKED_TO_GLUCONEOGENESIS	FALSE
REACTOME_NR1H2_NR1H3_REGULATE_GENE_EXPRESSION_LINKED_TO_LIPOGENESIS	FALSE
REACTOME_NR1H2_NR1H3_REGULATE_GENE_EXPRESSION_LINKED_TO_TRIGLYCERIDE_LIPOLYSIS_IN_ADIPOSE	FALSE
REACTOME_NR1H2_NR1H3_REGULATE_GENE_EXPRESSION_TO_CONTROL_BILE_ACID_HOMEOSTASIS	FALSE
REACTOME_NR1H2_NR1H3_REGULATE_GENE_EXPRESSION_TO_LIMIT_CHOLESTEROL_UPTAKE	FALSE
REACTOME_NR1H3_NR1H2_REGULATE_GENE_EXPRESSION_LINKED_TO_CHOLESTEROL_TRANSPORT_AND_EFFLUX	FALSE
REACTOME_NRAGE_SIGNALS_DEATH_THROUGH_JNK	FALSE
REACTOME_NRCAM_INTERACTIONS	FALSE
REACTOME_NRIF_SIGNALS_CELL_DEATH_FROM_THE_NUCLEUS	FALSE
REACTOME_NS1_MEDIATED_EFFECTS_ON_HOST_PATHWAYS	FALSE
REACTOME_NTRK2_ACTIVATES_RAC1	FALSE
REACTOME_NUCLEAR_ENVELOPE_BREAKDOWN	FALSE
REACTOME_NUCLEAR_ENVELOPE_NE_REASSEMBLY	FALSE
REACTOME_NUCLEAR_EVENTS_KINASE_AND_TRANSCRIPTION_FACTOR_ACTIVATION	FALSE
REACTOME_NUCLEAR_IMPORT_OF_REV_PROTEIN	FALSE
REACTOME_NUCLEAR_PORE_COMPLEX_NPC_DISASSEMBLY	FALSE
REACTOME_NUCLEAR_RECEPTOR_TRANSCRIPTION_PATHWAY	FALSE
REACTOME_NUCLEAR_SIGNALING_BY_ERBB4	FALSE
REACTOME_NUCLEOBASE_BIOSYNTHESIS	FALSE
REACTOME_NUCLEOBASE_CATABOLISM	FALSE
REACTOME_NUCLEOTIDE_BINDING_DOMAIN_LEUCINE_RICH_REPEAT_CONTAINING_RECEPTOR_NLR_SIGNALING_PATHWAYS	FALSE
REACTOME_NUCLEOTIDE_EXCISION_REPAIR	FALSE
REACTOME_NUCLEOTIDE_LIKE_PURINERGIC_RECEPTORS	FALSE
REACTOME_NUCLEOTIDE_SALVAGE	FALSE
REACTOME_O_GLYCOSYLATION_OF_TSR_DOMAIN_CONTAINING_PROTEINS	FALSE
REACTOME_O_LINKED_GLYCOSYLATION	FALSE
REACTOME_O_LINKED_GLYCOSYLATION_OF_MUCINS	FALSE
REACTOME_OAS_ANTIVIRAL_RESPONSE	TRUE
REACTOME_OLFACTORY_SIGNALING_PATHWAY	FALSE
REACTOME_ONCOGENE_INDUCED_SENESCENCE	FALSE
REACTOME_ONCOGENIC_MAPK_SIGNALING	FALSE
REACTOME_OPIOID_SIGNALLING	FALSE
REACTOME_OPSINS	FALSE
REACTOME_ORC1_REMOVAL_FROM_CHROMATIN	FALSE
REACTOME_OREXIN_AND_NEUROPEPTIDES_FF_AND_QRFP_BIND_TO_THEIR_RESPECTIVE_RECEPTORS	FALSE
REACTOME_ORGANELLE_BIOGENESIS_AND_MAINTENANCE	FALSE
REACTOME_ORGANIC_ANION_TRANSPORT	FALSE
REACTOME_ORGANIC_ANION_TRANSPORTERS	FALSE
REACTOME_ORGANIC_CATION_ANION_ZWITTERION_TRANSPORT	FALSE
REACTOME_ORGANIC_CATION_TRANSPORT	FALSE
REACTOME_OTHER_INTERLEUKIN_SIGNALING	TRUE
REACTOME_OTHER_SEMAPHORIN_INTERACTIONS	FALSE
REACTOME_OVARIAN_TUMOR_DOMAIN_PROTEASES	FALSE
REACTOME_OXIDATIVE_STRESS_INDUCED_SENESCENCE	FALSE
REACTOME_P130CAS_LINKAGE_TO_MAPK_SIGNALING_FOR_INTEGRINS	TRUE
REACTOME_P2Y_RECEPTORS	FALSE
REACTOME_P38MAPK_EVENTS	FALSE
REACTOME_P75_NTR_RECEPTOR_MEDIATED_SIGNALLING	FALSE
REACTOME_P75NTR_NEGATIVELY_REGULATES_CELL_CYCLE_VIA_SC1	FALSE
REACTOME_P75NTR_RECRUITS_SIGNALLING_COMPLEXES	FALSE
REACTOME_P75NTR_REGULATES_AXONOGENESIS	FALSE
REACTOME_P75NTR_SIGNALS_VIA_NF_KB	FALSE
REACTOME_PARASITE_INFECTION	FALSE
REACTOME_PASSIVE_TRANSPORT_BY_AQUAPORINS	FALSE
REACTOME_PCNA_DEPENDENT_LONG_PATCH_BASE_EXCISION_REPAIR	FALSE
REACTOME_PCP_CE_PATHWAY	FALSE
REACTOME_PD_1_SIGNALING	FALSE
REACTOME_PECAM1_INTERACTIONS	FALSE
REACTOME_PENTOSE_PHOSPHATE_PATHWAY	FALSE
REACTOME_PEPTIDE_HORMONE_BIOSYNTHESIS	FALSE
REACTOME_PEPTIDE_HORMONE_METABOLISM	FALSE
REACTOME_PEPTIDE_LIGAND_BINDING_RECEPTORS	FALSE
REACTOME_PERK_REGULATES_GENE_EXPRESSION	FALSE
REACTOME_PEROXISOMAL_LIPID_METABOLISM	FALSE
REACTOME_PEROXISOMAL_PROTEIN_IMPORT	FALSE
REACTOME_PEXOPHAGY	FALSE
REACTOME_PHASE_0_RAPID_DEPOLARISATION	FALSE
REACTOME_PHASE_1_INACTIVATION_OF_FAST_NA_CHANNELS	FALSE
REACTOME_PHASE_2_PLATEAU_PHASE	FALSE
REACTOME_PHASE_3_RAPID_REPOLARISATION	FALSE
REACTOME_PHASE_4_RESTING_MEMBRANE_POTENTIAL	FALSE
REACTOME_PHASE_I_FUNCTIONALIZATION_OF_COMPOUNDS	FALSE
REACTOME_PHASE_II_CONJUGATION_OF_COMPOUNDS	FALSE
REACTOME_PHENYLALANINE_AND_TYROSINE_METABOLISM	FALSE
REACTOME_PHENYLALANINE_METABOLISM	FALSE
REACTOME_PHOSPHATE_BOND_HYDROLYSIS_BY_NTPDASE_PROTEINS	FALSE
REACTOME_PHOSPHATE_BOND_HYDROLYSIS_BY_NUDT_PROTEINS	FALSE
REACTOME_PHOSPHOLIPASE_C_MEDIATED_CASCADE_FGFR2	FALSE
REACTOME_PHOSPHOLIPASE_C_MEDIATED_CASCADE_FGFR4	FALSE
REACTOME_PHOSPHOLIPID_METABOLISM	FALSE
REACTOME_PHOSPHORYLATION_OF_EMI1	FALSE
REACTOME_PHOSPHORYLATION_OF_THE_APC_C	FALSE
REACTOME_PHYSIOLOGICAL_FACTORS	FALSE
REACTOME_PI3K_AKT_ACTIVATION	FALSE
REACTOME_PI3K_AKT_SIGNALING_IN_CANCER	FALSE
REACTOME_PI3K_EVENTS_IN_ERBB2_SIGNALING	FALSE
REACTOME_PI3K_EVENTS_IN_ERBB4_SIGNALING	FALSE
REACTOME_PI5P_REGULATES_TP53_ACETYLATION	FALSE
REACTOME_PI_3K_CASCADE_FGFR1	FALSE
REACTOME_PI_3K_CASCADE_FGFR2	FALSE
REACTOME_PI_3K_CASCADE_FGFR3	FALSE
REACTOME_PI_3K_CASCADE_FGFR4	FALSE
REACTOME_PI_METABOLISM	FALSE
REACTOME_PINK1_PRKN_MEDIATED_MITOPHAGY	FALSE
REACTOME_PIWI_INTERACTING_RNA_PIRNA_BIOGENESIS	FALSE
REACTOME_PKA_ACTIVATION_IN_GLUCAGON_SIGNALLING	FALSE
REACTOME_PKA_MEDIATED_PHOSPHORYLATION_OF_CREB	FALSE
REACTOME_PKA_MEDIATED_PHOSPHORYLATION_OF_KEY_METABOLIC_FACTORS	FALSE
REACTOME_PKMTS_METHYLATE_HISTONE_LYSINES	FALSE
REACTOME_PLASMA_LIPOPROTEIN_ASSEMBLY	TRUE
REACTOME_PLASMA_LIPOPROTEIN_ASSEMBLY_REMODELING_AND_CLEARANCE	TRUE
REACTOME_PLASMA_LIPOPROTEIN_CLEARANCE	TRUE
REACTOME_PLASMA_LIPOPROTEIN_REMODELING	TRUE
REACTOME_PLATELET_ACTIVATION_SIGNALING_AND_AGGREGATION	FALSE
REACTOME_PLATELET_ADHESION_TO_EXPOSED_COLLAGEN	FALSE
REACTOME_PLATELET_AGGREGATION_PLUG_FORMATION	FALSE
REACTOME_PLATELET_CALCIUM_HOMEOSTASIS	FALSE
REACTOME_PLATELET_HOMEOSTASIS	FALSE
REACTOME_PLATELET_SENSITIZATION_BY_LDL	FALSE
REACTOME_POLB_DEPENDENT_LONG_PATCH_BASE_EXCISION_REPAIR	FALSE
REACTOME_POLO_LIKE_KINASE_MEDIATED_EVENTS	FALSE
REACTOME_POLYMERASE_SWITCHING	FALSE
REACTOME_POLYMERASE_SWITCHING_ON_THE_C_STRAND_OF_THE_TELOMERE	FALSE
REACTOME_POSITIVE_EPIGENETIC_REGULATION_OF_RRNA_EXPRESSION	FALSE
REACTOME_POST_CHAPERONIN_TUBULIN_FOLDING_PATHWAY	FALSE
REACTOME_POST_TRANSLATIONAL_MODIFICATION_SYNTHESIS_OF_GPI_ANCHORED_PROTEINS	FALSE
REACTOME_POST_TRANSLATIONAL_PROTEIN_MODIFICATION	FALSE
REACTOME_POSTMITOTIC_NUCLEAR_PORE_COMPLEX_NPC_REFORMATION	FALSE
REACTOME_POTASSIUM_CHANNELS	FALSE
REACTOME_POTENTIAL_THERAPEUTICS_FOR_SARS	FALSE
REACTOME_POU5F1_OCT4_SOX2_NANOG_ACTIVATE_GENES_RELATED_TO_PROLIFERATION	FALSE
REACTOME_POU5F1_OCT4_SOX2_NANOG_REPRESS_GENES_RELATED_TO_DIFFERENTIATION	FALSE
REACTOME_PP2A_MEDIATED_DEPHOSPHORYLATION_OF_KEY_METABOLIC_FACTORS	FALSE
REACTOME_PRC2_METHYLATES_HISTONES_AND_DNA	FALSE
REACTOME_PRE_NOTCH_EXPRESSION_AND_PROCESSING	FALSE
REACTOME_PRE_NOTCH_PROCESSING_IN_GOLGI	FALSE
REACTOME_PRE_NOTCH_PROCESSING_IN_THE_ENDOPLASMIC_RETICULUM	FALSE
REACTOME_PREGNENOLONE_BIOSYNTHESIS	FALSE
REACTOME_PRESYNAPTIC_DEPOLARIZATION_AND_CALCIUM_CHANNEL_OPENING	FALSE
REACTOME_PRESYNAPTIC_FUNCTION_OF_KAINATE_RECEPTORS	FALSE
REACTOME_PREVENTION_OF_PHAGOSOMAL_LYSOSOMAL_FUSION	FALSE
REACTOME_PROCESSING_AND_ACTIVATION_OF_SUMO	FALSE
REACTOME_PROCESSING_OF_CAPPED_INTRON_CONTAINING_PRE_MRNA	FALSE
REACTOME_PROCESSING_OF_CAPPED_INTRONLESS_PRE_MRNA	FALSE
REACTOME_PROCESSING_OF_DNA_DOUBLE_STRAND_BREAK_ENDS	FALSE
REACTOME_PROCESSING_OF_INTRONLESS_PRE_MRNAS	FALSE
REACTOME_PROCESSING_OF_SMDT1	FALSE
REACTOME_PROCESSIVE_SYNTHESIS_ON_THE_C_STRAND_OF_THE_TELOMERE	FALSE
REACTOME_PROCESSIVE_SYNTHESIS_ON_THE_LAGGING_STRAND	FALSE
REACTOME_PROGRAMMED_CELL_DEATH	FALSE
REACTOME_PROLACTIN_RECEPTOR_SIGNALING	FALSE
REACTOME_PROLONGED_ERK_ACTIVATION_EVENTS	FALSE
REACTOME_PROPIONYL_COA_CATABOLISM	FALSE
REACTOME_PROSTACYCLIN_SIGNALLING_THROUGH_PROSTACYCLIN_RECEPTOR	FALSE
REACTOME_PROSTANOID_LIGAND_RECEPTORS	FALSE
REACTOME_PROTEIN_FOLDING	FALSE
REACTOME_PROTEIN_LOCALIZATION	FALSE
REACTOME_PROTEIN_METHYLATION	FALSE
REACTOME_PROTEIN_PROTEIN_INTERACTIONS_AT_SYNAPSES	FALSE
REACTOME_PROTEIN_REPAIR	FALSE
REACTOME_PROTEIN_UBIQUITINATION	FALSE
REACTOME_PROTON_COUPLED_MONOCARBOXYLATE_TRANSPORT	FALSE
REACTOME_PTEN_REGULATION	FALSE
REACTOME_PTK6_EXPRESSION	FALSE
REACTOME_PTK6_PROMOTES_HIF1A_STABILIZATION	FALSE
REACTOME_PTK6_REGULATES_CELL_CYCLE	FALSE
REACTOME_PTK6_REGULATES_PROTEINS_INVOLVED_IN_RNA_PROCESSING	FALSE
REACTOME_PTK6_REGULATES_RHO_GTPASES_RAS_GTPASE_AND_MAP_KINASES	FALSE
REACTOME_PTK6_REGULATES_RTKS_AND_THEIR_EFFECTORS_AKT1_AND_DOK1	FALSE
REACTOME_PURINE_CATABOLISM	FALSE
REACTOME_PURINE_RIBONUCLEOSIDE_MONOPHOSPHATE_BIOSYNTHESIS	FALSE
REACTOME_PURINE_SALVAGE	FALSE
REACTOME_PURINERGIC_SIGNALING_IN_LEISHMANIASIS_INFECTION	FALSE
REACTOME_PYRIMIDINE_CATABOLISM	FALSE
REACTOME_PYRIMIDINE_SALVAGE	FALSE
REACTOME_PYROPTOSIS	FALSE
REACTOME_PYRUVATE_METABOLISM	FALSE
REACTOME_PYRUVATE_METABOLISM_AND_CITRIC_ACID_TCA_CYCLE	FALSE
REACTOME_RA_BIOSYNTHESIS_PATHWAY	FALSE
REACTOME_RAB_GEFS_EXCHANGE_GTP_FOR_GDP_ON_RABS	FALSE
REACTOME_RAB_GERANYLGERANYLATION	FALSE
REACTOME_RAB_REGULATION_OF_TRAFFICKING	FALSE
REACTOME_RAC1_GTPASE_CYCLE	FALSE
REACTOME_RAC2_GTPASE_CYCLE	FALSE
REACTOME_RAC3_GTPASE_CYCLE	FALSE
REACTOME_RAF_ACTIVATION	FALSE
REACTOME_RAF_INDEPENDENT_MAPK1_3_ACTIVATION	FALSE
REACTOME_RAP1_SIGNALLING	FALSE
REACTOME_RAS_ACTIVATION_UPON_CA2_INFLUX_THROUGH_NMDA_RECEPTOR	FALSE
REACTOME_RAS_PROCESSING	FALSE
REACTOME_RAS_SIGNALING_DOWNSTREAM_OF_NF1_LOSS_OF_FUNCTION_VARIANTS	FALSE
REACTOME_REACTIONS_SPECIFIC_TO_THE_COMPLEX_N_GLYCAN_SYNTHESIS_PATHWAY	FALSE
REACTOME_RECEPTOR_MEDIATED_MITOPHAGY	FALSE
REACTOME_RECEPTOR_TYPE_TYROSINE_PROTEIN_PHOSPHATASES	FALSE
REACTOME_RECOGNITION_AND_ASSOCIATION_OF_DNA_GLYCOSYLASE_WITH_SITE_CONTAINING_AN_AFFECTED_PURINE	FALSE
REACTOME_RECOGNITION_OF_DNA_DAMAGE_BY_PCNA_CONTAINING_REPLICATION_COMPLEX	FALSE
REACTOME_RECRUITMENT_OF_MITOTIC_CENTROSOME_PROTEINS_AND_COMPLEXES	FALSE
REACTOME_RECRUITMENT_OF_NUMA_TO_MITOTIC_CENTROSOMES	FALSE
REACTOME_RECYCLING_OF_BILE_ACIDS_AND_SALTS	FALSE
REACTOME_RECYCLING_OF_EIF2_GDP	FALSE
REACTOME_RECYCLING_PATHWAY_OF_L1	FALSE
REACTOME_REDUCTION_OF_CYTOSOLIC_CA_LEVELS	FALSE
REACTOME_REELIN_SIGNALLING_PATHWAY	FALSE
REACTOME_REGULATED_NECROSIS	FALSE
REACTOME_REGULATED_PROTEOLYSIS_OF_P75NTR	FALSE
REACTOME_REGULATION_BY_C_FLIP	FALSE
REACTOME_REGULATION_OF_BACH1_ACTIVITY	FALSE
REACTOME_REGULATION_OF_BETA_CELL_DEVELOPMENT	FALSE
REACTOME_REGULATION_OF_CHOLESTEROL_BIOSYNTHESIS_BY_SREBP_SREBF	FALSE
REACTOME_REGULATION_OF_COMMISSURAL_AXON_PATHFINDING_BY_SLIT_AND_ROBO	FALSE
REACTOME_REGULATION_OF_CYTOSKELETAL_REMODELING_AND_CELL_SPREADING_BY_IPP_COMPLEX_COMPONENTS	FALSE
REACTOME_REGULATION_OF_EXPRESSION_OF_SLITS_AND_ROBOS	FALSE
REACTOME_REGULATION_OF_FOXO_TRANSCRIPTIONAL_ACTIVITY_BY_ACETYLATION	FALSE
REACTOME_REGULATION_OF_FZD_BY_UBIQUITINATION	FALSE
REACTOME_REGULATION_OF_GENE_EXPRESSION_BY_HYPOXIA_INDUCIBLE_FACTOR	FALSE
REACTOME_REGULATION_OF_GENE_EXPRESSION_IN_BETA_CELLS	FALSE
REACTOME_REGULATION_OF_GENE_EXPRESSION_IN_EARLY_PANCREATIC_PRECURSOR_CELLS	FALSE
REACTOME_REGULATION_OF_GENE_EXPRESSION_IN_ENDOCRINE_COMMITTED_NEUROG3_PROGENITOR_CELLS	FALSE
REACTOME_REGULATION_OF_GENE_EXPRESSION_IN_LATE_STAGE_BRANCHING_MORPHOGENESIS_PANCREATIC_BUD_PRECURSOR_CELLS	FALSE
REACTOME_REGULATION_OF_GLUCOKINASE_BY_GLUCOKINASE_REGULATORY_PROTEIN	FALSE
REACTOME_REGULATION_OF_GLYCOLYSIS_BY_FRUCTOSE_2_6_BISPHOSPHATE_METABOLISM	FALSE
REACTOME_REGULATION_OF_HMOX1_EXPRESSION_AND_ACTIVITY	FALSE
REACTOME_REGULATION_OF_HSF1_MEDIATED_HEAT_SHOCK_RESPONSE	FALSE
REACTOME_REGULATION_OF_IFNA_SIGNALING	FALSE
REACTOME_REGULATION_OF_IFNG_SIGNALING	FALSE
REACTOME_REGULATION_OF_INNATE_IMMUNE_RESPONSES_TO_CYTOSOLIC_DNA	TRUE
REACTOME_REGULATION_OF_INSULIN_LIKE_GROWTH_FACTOR_IGF_TRANSPORT_AND_UPTAKE_BY_INSULIN_LIKE_GROWTH_FACTOR_BINDING_PROTEINS_IGFBPS	FALSE
REACTOME_REGULATION_OF_INSULIN_SECRETION	FALSE
REACTOME_REGULATION_OF_KIT_SIGNALING	FALSE
REACTOME_REGULATION_OF_LIPID_METABOLISM_BY_PPARALPHA	FALSE
REACTOME_REGULATION_OF_LOCALIZATION_OF_FOXO_TRANSCRIPTION_FACTORS	FALSE
REACTOME_REGULATION_OF_MECP2_EXPRESSION_AND_ACTIVITY	FALSE
REACTOME_REGULATION_OF_MRNA_STABILITY_BY_PROTEINS_THAT_BIND_AU_RICH_ELEMENTS	FALSE
REACTOME_REGULATION_OF_PLK1_ACTIVITY_AT_G2_M_TRANSITION	FALSE
REACTOME_REGULATION_OF_PTEN_GENE_TRANSCRIPTION	FALSE
REACTOME_REGULATION_OF_PTEN_LOCALIZATION	FALSE
REACTOME_REGULATION_OF_PTEN_MRNA_TRANSLATION	FALSE
REACTOME_REGULATION_OF_PTEN_STABILITY_AND_ACTIVITY	FALSE
REACTOME_REGULATION_OF_PYRUVATE_DEHYDROGENASE_PDH_COMPLEX	FALSE
REACTOME_REGULATION_OF_RAS_BY_GAPS	FALSE
REACTOME_REGULATION_OF_RUNX1_EXPRESSION_AND_ACTIVITY	FALSE
REACTOME_REGULATION_OF_RUNX2_EXPRESSION_AND_ACTIVITY	FALSE
REACTOME_REGULATION_OF_RUNX3_EXPRESSION_AND_ACTIVITY	FALSE
REACTOME_REGULATION_OF_SIGNALING_BY_CBL	FALSE
REACTOME_REGULATION_OF_SIGNALING_BY_NODAL	FALSE
REACTOME_REGULATION_OF_TLR_BY_ENDOGENOUS_LIGAND	FALSE
REACTOME_REGULATION_OF_TNFR1_SIGNALING	FALSE
REACTOME_REGULATION_OF_TP53_ACTIVITY	FALSE
REACTOME_REGULATION_OF_TP53_ACTIVITY_THROUGH_ACETYLATION	FALSE
REACTOME_REGULATION_OF_TP53_ACTIVITY_THROUGH_ASSOCIATION_WITH_CO_FACTORS	FALSE
REACTOME_REGULATION_OF_TP53_ACTIVITY_THROUGH_METHYLATION	FALSE
REACTOME_REGULATION_OF_TP53_ACTIVITY_THROUGH_PHOSPHORYLATION	FALSE
REACTOME_REGULATION_OF_TP53_EXPRESSION_AND_DEGRADATION	FALSE
REACTOME_RELAXIN_RECEPTORS	FALSE
REACTOME_RELEASE_OF_APOPTOTIC_FACTORS_FROM_THE_MITOCHONDRIA	FALSE
REACTOME_RELEASE_OF_HH_NP_FROM_THE_SECRETING_CELL	FALSE
REACTOME_REMOVAL_OF_AMINOTERMINAL_PROPEPTIDES_FROM_GAMMA_CARBOXYLATED_PROTEINS	FALSE
REACTOME_REPRESSION_OF_WNT_TARGET_GENES	FALSE
REACTOME_REPRODUCTION	FALSE
REACTOME_RESOLUTION_OF_ABASIC_SITES_AP_SITES	FALSE
REACTOME_RESOLUTION_OF_AP_SITES_VIA_THE_MULTIPLE_NUCLEOTIDE_PATCH_REPLACEMENT_PATHWAY	FALSE
REACTOME_RESOLUTION_OF_D_LOOP_STRUCTURES	FALSE
REACTOME_RESOLUTION_OF_D_LOOP_STRUCTURES_THROUGH_SYNTHESIS_DEPENDENT_STRAND_ANNEALING_SDSA	FALSE
REACTOME_RESOLUTION_OF_SISTER_CHROMATID_COHESION	FALSE
REACTOME_RESPIRATORY_ELECTRON_TRANSPORT	FALSE
REACTOME_RESPIRATORY_ELECTRON_TRANSPORT_ATP_SYNTHESIS_BY_CHEMIOSMOTIC_COUPLING_AND_HEAT_PRODUCTION_BY_UNCOUPLING_PROTEINS	FALSE
REACTOME_RESPONSE_OF_EIF2AK1_HRI_TO_HEME_DEFICIENCY	FALSE
REACTOME_RESPONSE_OF_EIF2AK4_GCN2_TO_AMINO_ACID_DEFICIENCY	FALSE
REACTOME_RESPONSE_OF_MTB_TO_PHAGOCYTOSIS	TRUE
REACTOME_RESPONSE_TO_ELEVATED_PLATELET_CYTOSOLIC_CA2	FALSE
REACTOME_RESPONSE_TO_METAL_IONS	FALSE
REACTOME_RET_SIGNALING	FALSE
REACTOME_RETINOID_CYCLE_DISEASE_EVENTS	FALSE
REACTOME_RETROGRADE_NEUROTROPHIN_SIGNALLING	FALSE
REACTOME_RETROGRADE_TRANSPORT_AT_THE_TRANS_GOLGI_NETWORK	FALSE
REACTOME_REVERSIBLE_HYDRATION_OF_CARBON_DIOXIDE	FALSE
REACTOME_RHO_GTPASE_CYCLE	FALSE
REACTOME_RHO_GTPASE_EFFECTORS	FALSE
REACTOME_RHO_GTPASES_ACTIVATE_CIT	FALSE
REACTOME_RHO_GTPASES_ACTIVATE_FORMINS	FALSE
REACTOME_RHO_GTPASES_ACTIVATE_IQGAPS	FALSE
REACTOME_RHO_GTPASES_ACTIVATE_KTN1	FALSE
REACTOME_RHO_GTPASES_ACTIVATE_NADPH_OXIDASES	FALSE
REACTOME_RHO_GTPASES_ACTIVATE_PAKS	FALSE
REACTOME_RHO_GTPASES_ACTIVATE_PKNS	FALSE
REACTOME_RHO_GTPASES_ACTIVATE_RHOTEKIN_AND_RHOPHILINS	FALSE
REACTOME_RHO_GTPASES_ACTIVATE_ROCKS	FALSE
REACTOME_RHO_GTPASES_ACTIVATE_WASPS_AND_WAVES	FALSE
REACTOME_RHOA_GTPASE_CYCLE	FALSE
REACTOME_RHOB_GTPASE_CYCLE	FALSE
REACTOME_RHOBTB1_GTPASE_CYCLE	FALSE
REACTOME_RHOBTB2_GTPASE_CYCLE	FALSE
REACTOME_RHOBTB3_ATPASE_CYCLE	FALSE
REACTOME_RHOBTB_GTPASE_CYCLE	FALSE
REACTOME_RHOC_GTPASE_CYCLE	FALSE
REACTOME_RHOD_GTPASE_CYCLE	FALSE
REACTOME_RHOF_GTPASE_CYCLE	FALSE
REACTOME_RHOG_GTPASE_CYCLE	FALSE
REACTOME_RHOH_GTPASE_CYCLE	FALSE
REACTOME_RHOJ_GTPASE_CYCLE	FALSE
REACTOME_RHOQ_GTPASE_CYCLE	FALSE
REACTOME_RHOT1_GTPASE_CYCLE	FALSE
REACTOME_RHOU_GTPASE_CYCLE	FALSE
REACTOME_RHOV_GTPASE_CYCLE	FALSE
REACTOME_RIP_MEDIATED_NFKB_ACTIVATION_VIA_ZBP1	FALSE
REACTOME_RIPK1_MEDIATED_REGULATED_NECROSIS	FALSE
REACTOME_RMTS_METHYLATE_HISTONE_ARGININES	FALSE
REACTOME_RNA_POLYMERASE_I_PROMOTER_ESCAPE	FALSE
REACTOME_RNA_POLYMERASE_I_TRANSCRIPTION	FALSE
REACTOME_RNA_POLYMERASE_I_TRANSCRIPTION_INITIATION	FALSE
REACTOME_RNA_POLYMERASE_I_TRANSCRIPTION_TERMINATION	FALSE
REACTOME_RNA_POLYMERASE_II_TRANSCRIBES_SNRNA_GENES	FALSE
REACTOME_RNA_POLYMERASE_II_TRANSCRIPTION	FALSE
REACTOME_RNA_POLYMERASE_II_TRANSCRIPTION_TERMINATION	FALSE
REACTOME_RNA_POLYMERASE_III_CHAIN_ELONGATION	FALSE
REACTOME_RNA_POLYMERASE_III_TRANSCRIPTION	FALSE
REACTOME_RNA_POLYMERASE_III_TRANSCRIPTION_INITIATION_FROM_TYPE_1_PROMOTER	FALSE
REACTOME_RNA_POLYMERASE_III_TRANSCRIPTION_INITIATION_FROM_TYPE_3_PROMOTER	FALSE
REACTOME_RNA_POLYMERASE_III_TRANSCRIPTION_TERMINATION	FALSE
REACTOME_RND1_GTPASE_CYCLE	FALSE
REACTOME_RND2_GTPASE_CYCLE	FALSE
REACTOME_RND3_GTPASE_CYCLE	FALSE
REACTOME_ROBO_RECEPTORS_BIND_AKAP5	FALSE
REACTOME_ROLE_OF_ABL_IN_ROBO_SLIT_SIGNALING	FALSE
REACTOME_ROLE_OF_LAT2_NTAL_LAB_ON_CALCIUM_MOBILIZATION	FALSE
REACTOME_ROLE_OF_PHOSPHOLIPIDS_IN_PHAGOCYTOSIS	TRUE
REACTOME_ROLE_OF_SECOND_MESSENGERS_IN_NETRIN_1_SIGNALING	FALSE
REACTOME_RORA_ACTIVATES_GENE_EXPRESSION	FALSE
REACTOME_ROS_AND_RNS_PRODUCTION_IN_PHAGOCYTES	FALSE
REACTOME_RRNA_MODIFICATION_IN_THE_MITOCHONDRION	FALSE
REACTOME_RRNA_MODIFICATION_IN_THE_NUCLEUS_AND_CYTOSOL	FALSE
REACTOME_RRNA_PROCESSING	FALSE
REACTOME_RRNA_PROCESSING_IN_THE_MITOCHONDRION	FALSE
REACTOME_RSK_ACTIVATION	FALSE
REACTOME_RUNX1_AND_FOXP3_CONTROL_THE_DEVELOPMENT_OF_REGULATORY_T_LYMPHOCYTES_TREGS	TRUE
REACTOME_RUNX1_INTERACTS_WITH_CO_FACTORS_WHOSE_PRECISE_EFFECT_ON_RUNX1_TARGETS_IS_NOT_KNOWN	FALSE
REACTOME_RUNX1_REGULATES_ESTROGEN_RECEPTOR_MEDIATED_TRANSCRIPTION	FALSE
REACTOME_RUNX1_REGULATES_EXPRESSION_OF_COMPONENTS_OF_TIGHT_JUNCTIONS	FALSE
REACTOME_RUNX1_REGULATES_GENES_INVOLVED_IN_MEGAKARYOCYTE_DIFFERENTIATION_AND_PLATELET_FUNCTION	FALSE
REACTOME_RUNX1_REGULATES_TRANSCRIPTION_OF_GENES_INVOLVED_IN_BCR_SIGNALING	FALSE
REACTOME_RUNX1_REGULATES_TRANSCRIPTION_OF_GENES_INVOLVED_IN_DIFFERENTIATION_OF_HSCS	FALSE
REACTOME_RUNX1_REGULATES_TRANSCRIPTION_OF_GENES_INVOLVED_IN_DIFFERENTIATION_OF_KERATINOCYTES	FALSE
REACTOME_RUNX1_REGULATES_TRANSCRIPTION_OF_GENES_INVOLVED_IN_DIFFERENTIATION_OF_MYELOID_CELLS	FALSE
REACTOME_RUNX1_REGULATES_TRANSCRIPTION_OF_GENES_INVOLVED_IN_INTERLEUKIN_SIGNALING	TRUE
REACTOME_RUNX1_REGULATES_TRANSCRIPTION_OF_GENES_INVOLVED_IN_WNT_SIGNALING	FALSE
REACTOME_RUNX2_REGULATES_BONE_DEVELOPMENT	FALSE
REACTOME_RUNX2_REGULATES_CHONDROCYTE_MATURATION	FALSE
REACTOME_RUNX2_REGULATES_GENES_INVOLVED_IN_CELL_MIGRATION	FALSE
REACTOME_RUNX2_REGULATES_OSTEOBLAST_DIFFERENTIATION	FALSE
REACTOME_RUNX3_REGULATES_BCL2L11_BIM_TRANSCRIPTION	FALSE
REACTOME_RUNX3_REGULATES_CDKN1A_TRANSCRIPTION	FALSE
REACTOME_RUNX3_REGULATES_IMMUNE_RESPONSE_AND_CELL_MIGRATION	TRUE
REACTOME_RUNX3_REGULATES_NOTCH_SIGNALING	FALSE
REACTOME_RUNX3_REGULATES_P14_ARF	FALSE
REACTOME_RUNX3_REGULATES_WNT_SIGNALING	FALSE
REACTOME_RUNX3_REGULATES_YAP1_MEDIATED_TRANSCRIPTION	FALSE
REACTOME_S_PHASE	FALSE
REACTOME_SARS_COV_1_GENOME_REPLICATION_AND_TRANSCRIPTION	FALSE
REACTOME_SARS_COV_1_INFECTION	FALSE
REACTOME_SARS_COV_2_INFECTION	FALSE
REACTOME_SARS_COV_INFECTIONS	FALSE
REACTOME_SCAVENGING_BY_CLASS_A_RECEPTORS	FALSE
REACTOME_SCAVENGING_BY_CLASS_B_RECEPTORS	FALSE
REACTOME_SCAVENGING_BY_CLASS_F_RECEPTORS	FALSE
REACTOME_SCAVENGING_OF_HEME_FROM_PLASMA	FALSE
REACTOME_SCF_SKP2_MEDIATED_DEGRADATION_OF_P27_P21	FALSE
REACTOME_SEALING_OF_THE_NUCLEAR_ENVELOPE_NE_BY_ESCRT_III	FALSE
REACTOME_SELECTIVE_AUTOPHAGY	FALSE
REACTOME_SELENOAMINO_ACID_METABOLISM	FALSE
REACTOME_SEMA3A_PAK_DEPENDENT_AXON_REPULSION	FALSE
REACTOME_SEMA3A_PLEXIN_REPULSION_SIGNALING_BY_INHIBITING_INTEGRIN_ADHESION	TRUE
REACTOME_SEMA4D_IN_SEMAPHORIN_SIGNALING	FALSE
REACTOME_SEMA4D_INDUCED_CELL_MIGRATION_AND_GROWTH_CONE_COLLAPSE	FALSE
REACTOME_SEMA4D_MEDIATED_INHIBITION_OF_CELL_ATTACHMENT_AND_MIGRATION	FALSE
REACTOME_SEMAPHORIN_INTERACTIONS	FALSE
REACTOME_SENESCENCE_ASSOCIATED_SECRETORY_PHENOTYPE_SASP	FALSE
REACTOME_SENSING_OF_DNA_DOUBLE_STRAND_BREAKS	FALSE
REACTOME_SENSORY_PERCEPTION	FALSE
REACTOME_SENSORY_PROCESSING_OF_SOUND	FALSE
REACTOME_SENSORY_PROCESSING_OF_SOUND_BY_OUTER_HAIR_CELLS_OF_THE_COCHLEA	FALSE
REACTOME_SEPARATION_OF_SISTER_CHROMATIDS	FALSE
REACTOME_SERINE_BIOSYNTHESIS	FALSE
REACTOME_SEROTONIN_AND_MELATONIN_BIOSYNTHESIS	FALSE
REACTOME_SEROTONIN_NEUROTRANSMITTER_RELEASE_CYCLE	FALSE
REACTOME_SEROTONIN_RECEPTORS	FALSE
REACTOME_SHC1_EVENTS_IN_EGFR_SIGNALING	FALSE
REACTOME_SHC1_EVENTS_IN_ERBB2_SIGNALING	FALSE
REACTOME_SHC1_EVENTS_IN_ERBB4_SIGNALING	FALSE
REACTOME_SHC_MEDIATED_CASCADE_FGFR1	FALSE
REACTOME_SHC_MEDIATED_CASCADE_FGFR3	FALSE
REACTOME_SHC_MEDIATED_CASCADE_FGFR4	FALSE
REACTOME_SHC_RELATED_EVENTS_TRIGGERED_BY_IGF1R	FALSE
REACTOME_SIALIC_ACID_METABOLISM	FALSE
REACTOME_SIGNAL_AMPLIFICATION	FALSE
REACTOME_SIGNAL_ATTENUATION	FALSE
REACTOME_SIGNAL_REGULATORY_PROTEIN_FAMILY_INTERACTIONS	FALSE
REACTOME_SIGNAL_TRANSDUCTION_BY_L1	FALSE
REACTOME_SIGNALING_BY_ACTIVIN	FALSE
REACTOME_SIGNALING_BY_BMP	FALSE
REACTOME_SIGNALING_BY_BRAF_AND_RAF_FUSIONS	FALSE
REACTOME_SIGNALING_BY_CSF3_G_CSF	FALSE
REACTOME_SIGNALING_BY_CTNNB1_PHOSPHO_SITE_MUTANTS	FALSE
REACTOME_SIGNALING_BY_CYTOSOLIC_FGFR1_FUSION_MUTANTS	FALSE
REACTOME_SIGNALING_BY_EGFR	FALSE
REACTOME_SIGNALING_BY_EGFR_IN_CANCER	FALSE
REACTOME_SIGNALING_BY_ERBB2	FALSE
REACTOME_SIGNALING_BY_ERBB2_ECD_MUTANTS	FALSE
REACTOME_SIGNALING_BY_ERBB2_IN_CANCER	FALSE
REACTOME_SIGNALING_BY_ERBB4	FALSE
REACTOME_SIGNALING_BY_ERYTHROPOIETIN	FALSE
REACTOME_SIGNALING_BY_FGFR	FALSE
REACTOME_SIGNALING_BY_FGFR1	FALSE
REACTOME_SIGNALING_BY_FGFR1_IN_DISEASE	FALSE
REACTOME_SIGNALING_BY_FGFR2	FALSE
REACTOME_SIGNALING_BY_FGFR2_IIIA_TM	FALSE
REACTOME_SIGNALING_BY_FGFR2_IN_DISEASE	FALSE
REACTOME_SIGNALING_BY_FGFR3	FALSE
REACTOME_SIGNALING_BY_FGFR3_FUSIONS_IN_CANCER	FALSE
REACTOME_SIGNALING_BY_FGFR4	FALSE
REACTOME_SIGNALING_BY_FGFR4_IN_DISEASE	FALSE
REACTOME_SIGNALING_BY_FGFR_IN_DISEASE	FALSE
REACTOME_SIGNALING_BY_FLT3_FUSION_PROTEINS	FALSE
REACTOME_SIGNALING_BY_FLT3_ITD_AND_TKD_MUTANTS	FALSE
REACTOME_SIGNALING_BY_GPCR	FALSE
REACTOME_SIGNALING_BY_HEDGEHOG	FALSE
REACTOME_SIGNALING_BY_HIPPO	FALSE
REACTOME_SIGNALING_BY_INSULIN_RECEPTOR	FALSE
REACTOME_SIGNALING_BY_INTERLEUKINS	TRUE
REACTOME_SIGNALING_BY_KIT_IN_DISEASE	FALSE
REACTOME_SIGNALING_BY_LEPTIN	FALSE
REACTOME_SIGNALING_BY_LRP5_MUTANTS	FALSE
REACTOME_SIGNALING_BY_MAPK_MUTANTS	FALSE
REACTOME_SIGNALING_BY_MEMBRANE_TETHERED_FUSIONS_OF_PDGFRA_OR_PDGFRB	FALSE
REACTOME_SIGNALING_BY_MET	FALSE
REACTOME_SIGNALING_BY_MODERATE_KINASE_ACTIVITY_BRAF_MUTANTS	FALSE
REACTOME_SIGNALING_BY_MRAS_COMPLEX_MUTANTS	FALSE
REACTOME_SIGNALING_BY_MST1	FALSE
REACTOME_SIGNALING_BY_NODAL	FALSE
REACTOME_SIGNALING_BY_NOTCH	FALSE
REACTOME_SIGNALING_BY_NOTCH1	FALSE
REACTOME_SIGNALING_BY_NOTCH1_HD_DOMAIN_MUTANTS_IN_CANCER	FALSE
REACTOME_SIGNALING_BY_NOTCH1_PEST_DOMAIN_MUTANTS_IN_CANCER	FALSE
REACTOME_SIGNALING_BY_NOTCH1_T_7_9_NOTCH1_M1580_K2555_TRANSLOCATION_MUTANT	FALSE
REACTOME_SIGNALING_BY_NOTCH2	FALSE
REACTOME_SIGNALING_BY_NOTCH3	FALSE
REACTOME_SIGNALING_BY_NOTCH4	FALSE
REACTOME_SIGNALING_BY_NTRK2_TRKB	FALSE
REACTOME_SIGNALING_BY_NTRK3_TRKC	FALSE
REACTOME_SIGNALING_BY_NTRKS	FALSE
REACTOME_SIGNALING_BY_NUCLEAR_RECEPTORS	FALSE
REACTOME_SIGNALING_BY_PDGF	FALSE
REACTOME_SIGNALING_BY_PDGFR_IN_DISEASE	FALSE
REACTOME_SIGNALING_BY_PDGFRA_TRANSMEMBRANE_JUXTAMEMBRANE_AND_KINASE_DOMAIN_MUTANTS	FALSE
REACTOME_SIGNALING_BY_PTK6	FALSE
REACTOME_SIGNALING_BY_RECEPTOR_TYROSINE_KINASES	FALSE
REACTOME_SIGNALING_BY_RETINOIC_ACID	FALSE
REACTOME_SIGNALING_BY_RHO_GTPASES_MIRO_GTPASES_AND_RHOBTB3	FALSE
REACTOME_SIGNALING_BY_RNF43_MUTANTS	FALSE
REACTOME_SIGNALING_BY_ROBO_RECEPTORS	FALSE
REACTOME_SIGNALING_BY_SCF_KIT	FALSE
REACTOME_SIGNALING_BY_TGF_BETA_RECEPTOR_COMPLEX	FALSE
REACTOME_SIGNALING_BY_TGF_BETA_RECEPTOR_COMPLEX_IN_CANCER	FALSE
REACTOME_SIGNALING_BY_TGFB_FAMILY_MEMBERS	FALSE
REACTOME_SIGNALING_BY_THE_B_CELL_RECEPTOR_BCR	TRUE
REACTOME_SIGNALING_BY_TYPE_1_INSULIN_LIKE_GROWTH_FACTOR_1_RECEPTOR_IGF1R	FALSE
REACTOME_SIGNALING_BY_VEGF	FALSE
REACTOME_SIGNALING_BY_WNT	FALSE
REACTOME_SIGNALING_BY_WNT_IN_CANCER	FALSE
REACTOME_SIGNALLING_TO_ERKS	FALSE
REACTOME_SIGNALLING_TO_P38_VIA_RIT_AND_RIN	FALSE
REACTOME_SIGNALLING_TO_RAS	FALSE
REACTOME_SIRT1_NEGATIVELY_REGULATES_RRNA_EXPRESSION	FALSE
REACTOME_SLBP_DEPENDENT_PROCESSING_OF_REPLICATION_DEPENDENT_HISTONE_PRE_MRNAS	FALSE
REACTOME_SLC_MEDIATED_TRANSMEMBRANE_TRANSPORT	FALSE
REACTOME_SLC_TRANSPORTER_DISORDERS	FALSE
REACTOME_SMAC_XIAP_REGULATED_APOPTOTIC_RESPONSE	FALSE
REACTOME_SMAD2_SMAD3_SMAD4_HETEROTRIMER_REGULATES_TRANSCRIPTION	FALSE
REACTOME_SMALL_INTERFERING_RNA_SIRNA_BIOGENESIS	FALSE
REACTOME_SMOOTH_MUSCLE_CONTRACTION	FALSE
REACTOME_SNRNP_ASSEMBLY	FALSE
REACTOME_SODIUM_CALCIUM_EXCHANGERS	FALSE
REACTOME_SODIUM_COUPLED_PHOSPHATE_COTRANSPORTERS	FALSE
REACTOME_SODIUM_COUPLED_SULPHATE_DI_AND_TRI_CARBOXYLATE_TRANSPORTERS	FALSE
REACTOME_SODIUM_PROTON_EXCHANGERS	FALSE
REACTOME_SOS_MEDIATED_SIGNALLING	FALSE
REACTOME_SPERM_MOTILITY_AND_TAXES	FALSE
REACTOME_SPHINGOLIPID_DE_NOVO_BIOSYNTHESIS	FALSE
REACTOME_SPHINGOLIPID_METABOLISM	FALSE
REACTOME_SPRY_REGULATION_OF_FGF_SIGNALING	FALSE
REACTOME_SRP_DEPENDENT_COTRANSLATIONAL_PROTEIN_TARGETING_TO_MEMBRANE	FALSE
REACTOME_STABILIZATION_OF_P53	FALSE
REACTOME_STAT5_ACTIVATION	FALSE
REACTOME_STAT5_ACTIVATION_DOWNSTREAM_OF_FLT3_ITD_MUTANTS	FALSE
REACTOME_STIMULI_SENSING_CHANNELS	FALSE
REACTOME_STING_MEDIATED_INDUCTION_OF_HOST_IMMUNE_RESPONSES	TRUE
REACTOME_STRIATED_MUSCLE_CONTRACTION	FALSE
REACTOME_SULFIDE_OXIDATION_TO_SULFATE	FALSE
REACTOME_SULFUR_AMINO_ACID_METABOLISM	FALSE
REACTOME_SUMO_IS_CONJUGATED_TO_E1_UBA2_SAE1	FALSE
REACTOME_SUMO_IS_PROTEOLYTICALLY_PROCESSED	FALSE
REACTOME_SUMO_IS_TRANSFERRED_FROM_E1_TO_E2_UBE2I_UBC9	FALSE
REACTOME_SUMOYLATION	FALSE
REACTOME_SUMOYLATION_OF_CHROMATIN_ORGANIZATION_PROTEINS	FALSE
REACTOME_SUMOYLATION_OF_DNA_DAMAGE_RESPONSE_AND_REPAIR_PROTEINS	FALSE
REACTOME_SUMOYLATION_OF_DNA_METHYLATION_PROTEINS	FALSE
REACTOME_SUMOYLATION_OF_DNA_REPLICATION_PROTEINS	FALSE
REACTOME_SUMOYLATION_OF_IMMUNE_RESPONSE_PROTEINS	TRUE
REACTOME_SUMOYLATION_OF_INTRACELLULAR_RECEPTORS	FALSE
REACTOME_SUMOYLATION_OF_RNA_BINDING_PROTEINS	FALSE
REACTOME_SUMOYLATION_OF_SUMOYLATION_PROTEINS	FALSE
REACTOME_SUMOYLATION_OF_TRANSCRIPTION_COFACTORS	FALSE
REACTOME_SUMOYLATION_OF_TRANSCRIPTION_FACTORS	FALSE
REACTOME_SUMOYLATION_OF_UBIQUITINYLATION_PROTEINS	FALSE
REACTOME_SUPPRESSION_OF_APOPTOSIS	FALSE
REACTOME_SUPPRESSION_OF_PHAGOSOMAL_MATURATION	FALSE
REACTOME_SURFACTANT_METABOLISM	FALSE
REACTOME_SWITCHING_OF_ORIGINS_TO_A_POST_REPLICATIVE_STATE	FALSE
REACTOME_SYNAPTIC_ADHESION_LIKE_MOLECULES	FALSE
REACTOME_SYNDECAN_INTERACTIONS	FALSE
REACTOME_SYNTHESIS_OF_12_EICOSATETRAENOIC_ACID_DERIVATIVES	FALSE
REACTOME_SYNTHESIS_OF_15_EICOSATETRAENOIC_ACID_DERIVATIVES	FALSE
REACTOME_SYNTHESIS_OF_16_20_HYDROXYEICOSATETRAENOIC_ACIDS_HETE	FALSE
REACTOME_SYNTHESIS_OF_5_EICOSATETRAENOIC_ACIDS	FALSE
REACTOME_SYNTHESIS_OF_ACTIVE_UBIQUITIN_ROLES_OF_E1_AND_E2_ENZYMES	FALSE
REACTOME_SYNTHESIS_OF_BILE_ACIDS_AND_BILE_SALTS	FALSE
REACTOME_SYNTHESIS_OF_BILE_ACIDS_AND_BILE_SALTS_VIA_24_HYDROXYCHOLESTEROL	FALSE
REACTOME_SYNTHESIS_OF_BILE_ACIDS_AND_BILE_SALTS_VIA_27_HYDROXYCHOLESTEROL	FALSE
REACTOME_SYNTHESIS_OF_BILE_ACIDS_AND_BILE_SALTS_VIA_7ALPHA_HYDROXYCHOLESTEROL	FALSE
REACTOME_SYNTHESIS_OF_DIPHTHAMIDE_EEF2	FALSE
REACTOME_SYNTHESIS_OF_DOLICHYL_PHOSPHATE	FALSE
REACTOME_SYNTHESIS_OF_EPOXY_EET_AND_DIHYDROXYEICOSATRIENOIC_ACIDS_DHET	FALSE
REACTOME_SYNTHESIS_OF_GDP_MANNOSE	FALSE
REACTOME_SYNTHESIS_OF_GLYCOSYLPHOSPHATIDYLINOSITOL_GPI	FALSE
REACTOME_SYNTHESIS_OF_IP2_IP_AND_INS_IN_THE_CYTOSOL	FALSE
REACTOME_SYNTHESIS_OF_IP3_AND_IP4_IN_THE_CYTOSOL	FALSE
REACTOME_SYNTHESIS_OF_KETONE_BODIES	FALSE
REACTOME_SYNTHESIS_OF_LEUKOTRIENES_LT_AND_EOXINS_EX	TRUE
REACTOME_SYNTHESIS_OF_LIPOXINS_LX	FALSE
REACTOME_SYNTHESIS_OF_PA	FALSE
REACTOME_SYNTHESIS_OF_PC	FALSE
REACTOME_SYNTHESIS_OF_PE	FALSE
REACTOME_SYNTHESIS_OF_PG	FALSE
REACTOME_SYNTHESIS_OF_PI	FALSE
REACTOME_SYNTHESIS_OF_PIPS_AT_THE_EARLY_ENDOSOME_MEMBRANE	FALSE
REACTOME_SYNTHESIS_OF_PIPS_AT_THE_ER_MEMBRANE	FALSE
REACTOME_SYNTHESIS_OF_PIPS_AT_THE_GOLGI_MEMBRANE	FALSE
REACTOME_SYNTHESIS_OF_PIPS_AT_THE_LATE_ENDOSOME_MEMBRANE	FALSE
REACTOME_SYNTHESIS_OF_PIPS_AT_THE_PLASMA_MEMBRANE	FALSE
REACTOME_SYNTHESIS_OF_PROSTAGLANDINS_PG_AND_THROMBOXANES_TX	FALSE
REACTOME_SYNTHESIS_OF_PYROPHOSPHATES_IN_THE_CYTOSOL	FALSE
REACTOME_SYNTHESIS_OF_SUBSTRATES_IN_N_GLYCAN_BIOSYTHESIS	FALSE
REACTOME_SYNTHESIS_OF_UDP_N_ACETYL_GLUCOSAMINE	FALSE
REACTOME_SYNTHESIS_OF_VERY_LONG_CHAIN_FATTY_ACYL_COAS	FALSE
REACTOME_SYNTHESIS_OF_WYBUTOSINE_AT_G37_OF_TRNA_PHE	FALSE
REACTOME_SYNTHESIS_SECRETION_AND_DEACYLATION_OF_GHRELIN	FALSE
REACTOME_SYNTHESIS_SECRETION_AND_INACTIVATION_OF_GLUCAGON_LIKE_PEPTIDE_1_GLP_1	FALSE
REACTOME_SYNTHESIS_SECRETION_AND_INACTIVATION_OF_GLUCOSE_DEPENDENT_INSULINOTROPIC_POLYPEPTIDE_GIP	FALSE
REACTOME_TACHYKININ_RECEPTORS_BIND_TACHYKININS	FALSE
REACTOME_TAK1_ACTIVATES_NFKB_BY_PHOSPHORYLATION_AND_ACTIVATION_OF_IKKS_COMPLEX	FALSE
REACTOME_TANDEM_PORE_DOMAIN_POTASSIUM_CHANNELS	FALSE
REACTOME_TBC_RABGAPS	FALSE
REACTOME_TCF_DEPENDENT_SIGNALING_IN_RESPONSE_TO_WNT	FALSE
REACTOME_TCR_SIGNALING	FALSE
REACTOME_TELOMERE_C_STRAND_LAGGING_STRAND_SYNTHESIS	FALSE
REACTOME_TELOMERE_C_STRAND_SYNTHESIS_INITIATION	FALSE
REACTOME_TELOMERE_EXTENSION_BY_TELOMERASE	FALSE
REACTOME_TELOMERE_MAINTENANCE	FALSE
REACTOME_TERMINAL_PATHWAY_OF_COMPLEMENT	FALSE
REACTOME_TERMINATION_OF_O_GLYCAN_BIOSYNTHESIS	FALSE
REACTOME_TERMINATION_OF_TRANSLESION_DNA_SYNTHESIS	FALSE
REACTOME_TETRAHYDROBIOPTERIN_BH4_SYNTHESIS_RECYCLING_SALVAGE_AND_REGULATION	FALSE
REACTOME_TFAP2_AP_2_FAMILY_REGULATES_TRANSCRIPTION_OF_CELL_CYCLE_FACTORS	FALSE
REACTOME_TFAP2_AP_2_FAMILY_REGULATES_TRANSCRIPTION_OF_GROWTH_FACTORS_AND_THEIR_RECEPTORS	FALSE
REACTOME_TFAP2A_ACTS_AS_A_TRANSCRIPTIONAL_REPRESSOR_DURING_RETINOIC_ACID_INDUCED_CELL_DIFFERENTIATION	FALSE
REACTOME_TGF_BETA_RECEPTOR_SIGNALING_ACTIVATES_SMADS	FALSE
REACTOME_TGF_BETA_RECEPTOR_SIGNALING_IN_EMT_EPITHELIAL_TO_MESENCHYMAL_TRANSITION	FALSE
REACTOME_THE_ACTIVATION_OF_ARYLSULFATASES	FALSE
REACTOME_THE_CANONICAL_RETINOID_CYCLE_IN_RODS_TWILIGHT_VISION	FALSE
REACTOME_THE_CITRIC_ACID_TCA_CYCLE_AND_RESPIRATORY_ELECTRON_TRANSPORT	FALSE
REACTOME_THE_FATTY_ACID_CYCLING_MODEL	FALSE
REACTOME_THE_NLRP3_INFLAMMASOME	TRUE
REACTOME_THE_PHOTOTRANSDUCTION_CASCADE	FALSE
REACTOME_THE_RETINOID_CYCLE_IN_CONES_DAYLIGHT_VISION	FALSE
REACTOME_THE_ROLE_OF_GTSE1_IN_G2_M_PROGRESSION_AFTER_G2_CHECKPOINT	FALSE
REACTOME_THE_ROLE_OF_NEF_IN_HIV_1_REPLICATION_AND_DISEASE_PATHOGENESIS	FALSE
REACTOME_THROMBIN_SIGNALLING_THROUGH_PROTEINASE_ACTIVATED_RECEPTORS_PARS	FALSE
REACTOME_THROMBOXANE_SIGNALLING_THROUGH_TP_RECEPTOR	FALSE
REACTOME_THYROXINE_BIOSYNTHESIS	FALSE
REACTOME_TICAM1_DEPENDENT_ACTIVATION_OF_IRF3_IRF7	FALSE
REACTOME_TICAM1_RIP1_MEDIATED_IKK_COMPLEX_RECRUITMENT	FALSE
REACTOME_TICAM1_TRAF6_DEPENDENT_INDUCTION_OF_TAK1_COMPLEX	FALSE
REACTOME_TIE2_SIGNALING	FALSE
REACTOME_TIGHT_JUNCTION_INTERACTIONS	FALSE
REACTOME_TLR3_MEDIATED_TICAM1_DEPENDENT_PROGRAMMED_CELL_DEATH	FALSE
REACTOME_TNF_RECEPTOR_SUPERFAMILY_TNFSF_MEMBERS_MEDIATING_NON_CANONICAL_NF_KB_PATHWAY	FALSE
REACTOME_TNF_SIGNALING	FALSE
REACTOME_TNFR1_INDUCED_NFKAPPAB_SIGNALING_PATHWAY	FALSE
REACTOME_TNFR1_INDUCED_PROAPOPTOTIC_SIGNALING	FALSE
REACTOME_TNFR1_MEDIATED_CERAMIDE_PRODUCTION	FALSE
REACTOME_TNFR2_NON_CANONICAL_NF_KB_PATHWAY	FALSE
REACTOME_TNFS_BIND_THEIR_PHYSIOLOGICAL_RECEPTORS	FALSE
REACTOME_TOLL_LIKE_RECEPTOR_9_TLR9_CASCADE	TRUE
REACTOME_TOLL_LIKE_RECEPTOR_CASCADES	TRUE
REACTOME_TOLL_LIKE_RECEPTOR_TLR1_TLR2_CASCADE	TRUE
REACTOME_TOXICITY_OF_BOTULINUM_TOXIN_TYPE_D_BOTD	FALSE
REACTOME_TP53_REGULATES_METABOLIC_GENES	FALSE
REACTOME_TP53_REGULATES_TRANSCRIPTION_OF_ADDITIONAL_CELL_CYCLE_GENES_WHOSE_EXACT_ROLE_IN_THE_P53_PATHWAY_REMAIN_UNCERTAIN	FALSE
REACTOME_TP53_REGULATES_TRANSCRIPTION_OF_CASPASE_ACTIVATORS_AND_CASPASES	FALSE
REACTOME_TP53_REGULATES_TRANSCRIPTION_OF_CELL_CYCLE_GENES	FALSE
REACTOME_TP53_REGULATES_TRANSCRIPTION_OF_CELL_DEATH_GENES	FALSE
REACTOME_TP53_REGULATES_TRANSCRIPTION_OF_DEATH_RECEPTORS_AND_LIGANDS	FALSE
REACTOME_TP53_REGULATES_TRANSCRIPTION_OF_DNA_REPAIR_GENES	FALSE
REACTOME_TP53_REGULATES_TRANSCRIPTION_OF_GENES_INVOLVED_IN_CYTOCHROME_C_RELEASE	FALSE
REACTOME_TP53_REGULATES_TRANSCRIPTION_OF_GENES_INVOLVED_IN_G1_CELL_CYCLE_ARREST	FALSE
REACTOME_TP53_REGULATES_TRANSCRIPTION_OF_GENES_INVOLVED_IN_G2_CELL_CYCLE_ARREST	FALSE
REACTOME_TP53_REGULATES_TRANSCRIPTION_OF_SEVERAL_ADDITIONAL_CELL_DEATH_GENES_WHOSE_SPECIFIC_ROLES_IN_P53_DEPENDENT_APOPTOSIS_REMAIN_UNCERTAIN	FALSE
REACTOME_TRAF3_DEPENDENT_IRF_ACTIVATION_PATHWAY	FALSE
REACTOME_TRAF6_MEDIATED_INDUCTION_OF_TAK1_COMPLEX_WITHIN_TLR4_COMPLEX	FALSE
REACTOME_TRAF6_MEDIATED_IRF7_ACTIVATION	FALSE
REACTOME_TRAF6_MEDIATED_IRF7_ACTIVATION_IN_TLR7_8_OR_9_SIGNALING	FALSE
REACTOME_TRAF6_MEDIATED_NF_KB_ACTIVATION	FALSE
REACTOME_TRAFFICKING_AND_PROCESSING_OF_ENDOSOMAL_TLR	FALSE
REACTOME_TRAFFICKING_OF_AMPA_RECEPTORS	FALSE
REACTOME_TRAFFICKING_OF_GLUR2_CONTAINING_AMPA_RECEPTORS	FALSE
REACTOME_TRAFFICKING_OF_MYRISTOYLATED_PROTEINS_TO_THE_CILIUM	FALSE
REACTOME_TRAIL_SIGNALING	FALSE
REACTOME_TRANS_GOLGI_NETWORK_VESICLE_BUDDING	FALSE
REACTOME_TRANSCRIPTION_COUPLED_NUCLEOTIDE_EXCISION_REPAIR_TC_NER	FALSE
REACTOME_TRANSCRIPTION_OF_E2F_TARGETS_UNDER_NEGATIVE_CONTROL_BY_DREAM_COMPLEX	FALSE
REACTOME_TRANSCRIPTION_OF_E2F_TARGETS_UNDER_NEGATIVE_CONTROL_BY_P107_RBL1_AND_P130_RBL2_IN_COMPLEX_WITH_HDAC1	FALSE
REACTOME_TRANSCRIPTION_OF_THE_HIV_GENOME	FALSE
REACTOME_TRANSCRIPTIONAL_ACTIVATION_OF_MITOCHONDRIAL_BIOGENESIS	FALSE
REACTOME_TRANSCRIPTIONAL_ACTIVITY_OF_SMAD2_SMAD3_SMAD4_HETEROTRIMER	FALSE
REACTOME_TRANSCRIPTIONAL_REGULATION_BY_E2F6	FALSE
REACTOME_TRANSCRIPTIONAL_REGULATION_BY_MECP2	FALSE
REACTOME_TRANSCRIPTIONAL_REGULATION_BY_RUNX1	FALSE
REACTOME_TRANSCRIPTIONAL_REGULATION_BY_RUNX2	FALSE
REACTOME_TRANSCRIPTIONAL_REGULATION_BY_RUNX3	FALSE
REACTOME_TRANSCRIPTIONAL_REGULATION_BY_SMALL_RNAS	FALSE
REACTOME_TRANSCRIPTIONAL_REGULATION_BY_THE_AP_2_TFAP2_FAMILY_OF_TRANSCRIPTION_FACTORS	FALSE
REACTOME_TRANSCRIPTIONAL_REGULATION_BY_TP53	FALSE
REACTOME_TRANSCRIPTIONAL_REGULATION_BY_VENTX	FALSE
REACTOME_TRANSCRIPTIONAL_REGULATION_OF_GRANULOPOIESIS	FALSE
REACTOME_TRANSCRIPTIONAL_REGULATION_OF_PLURIPOTENT_STEM_CELLS	FALSE
REACTOME_TRANSCRIPTIONAL_REGULATION_OF_TESTIS_DIFFERENTIATION	FALSE
REACTOME_TRANSCRIPTIONAL_REGULATION_OF_WHITE_ADIPOCYTE_DIFFERENTIATION	FALSE
REACTOME_TRANSFERRIN_ENDOCYTOSIS_AND_RECYCLING	FALSE
REACTOME_TRANSLATION	FALSE
REACTOME_TRANSLATION_OF_REPLICASE_AND_ASSEMBLY_OF_THE_REPLICATION_TRANSCRIPTION_COMPLEX	FALSE
REACTOME_TRANSLATION_OF_SARS_COV_1_STRUCTURAL_PROTEINS	FALSE
REACTOME_TRANSLATION_OF_SARS_COV_2_STRUCTURAL_PROTEINS	FALSE
REACTOME_TRANSLESION_SYNTHESIS_BY_POLH	FALSE
REACTOME_TRANSLESION_SYNTHESIS_BY_POLK	FALSE
REACTOME_TRANSLESION_SYNTHESIS_BY_Y_FAMILY_DNA_POLYMERASES_BYPASSES_LESIONS_ON_DNA_TEMPLATE	FALSE
REACTOME_TRANSLOCATION_OF_SLC2A4_GLUT4_TO_THE_PLASMA_MEMBRANE	FALSE
REACTOME_TRANSMISSION_ACROSS_CHEMICAL_SYNAPSES	FALSE
REACTOME_TRANSPORT_AND_SYNTHESIS_OF_PAPS	FALSE
REACTOME_TRANSPORT_OF_BILE_SALTS_AND_ORGANIC_ACIDS_METAL_IONS_AND_AMINE_COMPOUNDS	FALSE
REACTOME_TRANSPORT_OF_CONNEXONS_TO_THE_PLASMA_MEMBRANE	FALSE
REACTOME_TRANSPORT_OF_FATTY_ACIDS	FALSE
REACTOME_TRANSPORT_OF_INORGANIC_CATIONS_ANIONS_AND_AMINO_ACIDS_OLIGOPEPTIDES	FALSE
REACTOME_TRANSPORT_OF_MATURE_MRNAS_DERIVED_FROM_INTRONLESS_TRANSCRIPTS	FALSE
REACTOME_TRANSPORT_OF_MATURE_TRANSCRIPT_TO_CYTOPLASM	FALSE
REACTOME_TRANSPORT_OF_NUCLEOSIDES_AND_FREE_PURINE_AND_PYRIMIDINE_BASES_ACROSS_THE_PLASMA_MEMBRANE	FALSE
REACTOME_TRANSPORT_OF_NUCLEOTIDE_SUGARS	FALSE
REACTOME_TRANSPORT_OF_ORGANIC_ANIONS	FALSE
REACTOME_TRANSPORT_OF_SMALL_MOLECULES	FALSE
REACTOME_TRANSPORT_OF_THE_SLBP_DEPENDANT_MATURE_MRNA	FALSE
REACTOME_TRANSPORT_OF_VITAMINS_NUCLEOSIDES_AND_RELATED_MOLECULES	FALSE
REACTOME_TRANSPORT_TO_THE_GOLGI_AND_SUBSEQUENT_MODIFICATION	FALSE
REACTOME_TRIF_MEDIATED_PROGRAMMED_CELL_DEATH	FALSE
REACTOME_TRIGLYCERIDE_BIOSYNTHESIS	FALSE
REACTOME_TRIGLYCERIDE_CATABOLISM	FALSE
REACTOME_TRIGLYCERIDE_METABOLISM	FALSE
REACTOME_TRISTETRAPROLIN_TTP_ZFP36_BINDS_AND_DESTABILIZES_MRNA	FALSE
REACTOME_TRNA_AMINOACYLATION	FALSE
REACTOME_TRNA_MODIFICATION_IN_THE_MITOCHONDRION	FALSE
REACTOME_TRNA_MODIFICATION_IN_THE_NUCLEUS_AND_CYTOSOL	FALSE
REACTOME_TRNA_PROCESSING	FALSE
REACTOME_TRNA_PROCESSING_IN_THE_MITOCHONDRION	FALSE
REACTOME_TRNA_PROCESSING_IN_THE_NUCLEUS	FALSE
REACTOME_TRP_CHANNELS	FALSE
REACTOME_TRYPTOPHAN_CATABOLISM	FALSE
REACTOME_TYPE_I_HEMIDESMOSOME_ASSEMBLY	FALSE
REACTOME_TYROSINE_CATABOLISM	FALSE
REACTOME_TYSND1_CLEAVES_PEROXISOMAL_PROTEINS	FALSE
REACTOME_UB_SPECIFIC_PROCESSING_PROTEASES	FALSE
REACTOME_UBIQUINOL_BIOSYNTHESIS	FALSE
REACTOME_UCH_PROTEINASES	FALSE
REACTOME_UNBLOCKING_OF_NMDA_RECEPTORS_GLUTAMATE_BINDING_AND_ACTIVATION	FALSE
REACTOME_UNFOLDED_PROTEIN_RESPONSE_UPR	FALSE
REACTOME_UNWINDING_OF_DNA	FALSE
REACTOME_UPTAKE_AND_ACTIONS_OF_BACTERIAL_TOXINS	TRUE
REACTOME_UPTAKE_AND_FUNCTION_OF_ANTHRAX_TOXINS	FALSE
REACTOME_UPTAKE_AND_FUNCTION_OF_DIPHTHERIA_TOXIN	FALSE
REACTOME_UREA_CYCLE	FALSE
REACTOME_VASOPRESSIN_LIKE_RECEPTORS	FALSE
REACTOME_VASOPRESSIN_REGULATES_RENAL_WATER_HOMEOSTASIS_VIA_AQUAPORINS	FALSE
REACTOME_VEGF_LIGAND_RECEPTOR_INTERACTIONS	FALSE
REACTOME_VEGFR2_MEDIATED_CELL_PROLIFERATION	FALSE
REACTOME_VEGFR2_MEDIATED_VASCULAR_PERMEABILITY	FALSE
REACTOME_VESICLE_MEDIATED_TRANSPORT	FALSE
REACTOME_VIRAL_MESSENGER_RNA_SYNTHESIS	TRUE
REACTOME_VISUAL_PHOTOTRANSDUCTION	FALSE
REACTOME_VITAMIN_B1_THIAMIN_METABOLISM	FALSE
REACTOME_VITAMIN_B2_RIBOFLAVIN_METABOLISM	FALSE
REACTOME_VITAMIN_B5_PANTOTHENATE_METABOLISM	FALSE
REACTOME_VITAMIN_C_ASCORBATE_METABOLISM	FALSE
REACTOME_VITAMIN_D_CALCIFEROL_METABOLISM	FALSE
REACTOME_VITAMINS	FALSE
REACTOME_VLDL_ASSEMBLY	FALSE
REACTOME_VLDL_CLEARANCE	FALSE
REACTOME_VLDLR_INTERNALISATION_AND_DEGRADATION	FALSE
REACTOME_VOLTAGE_GATED_POTASSIUM_CHANNELS	FALSE
REACTOME_VXPX_CARGO_TARGETING_TO_CILIUM	FALSE
REACTOME_WAX_AND_PLASMALOGEN_BIOSYNTHESIS	FALSE
REACTOME_WNT5A_DEPENDENT_INTERNALIZATION_OF_FZD2_FZD5_AND_ROR2	FALSE
REACTOME_WNT5A_DEPENDENT_INTERNALIZATION_OF_FZD4	FALSE
REACTOME_WNT_LIGAND_BIOGENESIS_AND_TRAFFICKING	FALSE
REACTOME_WNT_MEDIATED_ACTIVATION_OF_DVL	FALSE
REACTOME_XENOBIOTICS	TRUE
REACTOME_YAP1_AND_WWTR1_TAZ_STIMULATED_GENE_EXPRESSION	FALSE
REACTOME_ZBP1_DAI_MEDIATED_INDUCTION_OF_TYPE_I_IFNS	FALSE
REACTOME_ZINC_EFFLUX_AND_COMPARTMENTALIZATION_BY_THE_SLC30_FAMILY	FALSE
REACTOME_ZINC_INFLUX_INTO_CELLS_BY_THE_SLC39_GENE_FAMILY	FALSE
REACTOME_ZINC_TRANSPORTERS	FALSE
